,DATE,Global CMP22 (vent/cor) [W/m^2],Direct sNIP [W/m^2],Azimuth Angle [degrees],Tower Dry Bulb Temp [deg C],Tower Wet Bulb Temp [deg C],Tower Dew Point Temp [deg C],Tower RH [%],Total Cloud Cover [%],Peak Wind Speed @ 6ft [m/s],Avg Wind Direction @ 6ft [deg from N],Station Pressure [mBar],Precipitation (Accumulated) [mm],Snow Depth [cm],Moisture,Albedo (CMP11)
0,2000-01-01,171.78900000000004,12.695,180.73256,9.04,2.503,-6.291,32.01,56.0,4.45,263.8,801.8539999999998,0.0,0.339,0.0,0.1928
1,2000-01-02,419.047,921.094,179.57518000000005,6.202000000000001,-0.541,-11.64,24.73,10.0,2.95,144.8,807.0419999999998,0.0,0.392,0.0,0.2254
2,2000-01-03,386.489,885.431,179.97331,6.777,0.106,-10.537,25.55,9.0,6.45,275.7,815.566,0.0,0.423,0.0,0.2273
3,2000-01-04,362.1595,603.4010000000001,179.98443500000002,14.25,4.968999999999999,-6.154000000000001,22.1,42.0,2.45,135.1,817.3745000000001,0.0,0.4745,0.0,0.2176
4,2000-01-05,388.22400000000005,890.7109999999999,179.86721,3.3335,-1.2195,-8.303,39.675,10.0,3.45,59.33,821.0865,0.0,0.4270000000000001,0.0,0.22785
5,2000-01-06,419.079,936.005,179.88199,3.682,-2.5,-15.093,20.6,9.0,5.45,287.0,820.796,0.0,0.35600000000000004,0.0,0.2304
6,2000-01-07,420.45799999999997,906.2505000000001,179.898915,11.4,2.6485000000000003,-9.911000000000001,19.494999999999997,16.0,3.2,118.25,819.8729999999998,0.0,0.461,0.0,0.2266
7,2000-01-08,381.815,915.233,179.9181,13.44,3.134,-11.382,15.91,12.0,2.45,135.1,804.7589999999999,0.0,0.399,0.0,0.2246
8,2000-01-09,389.526,826.857,179.54565,4.97,-1.358,-12.197,24.35,14.0,2.95,133.7,807.933,0.0,0.404,0.0,0.2241
9,2000-01-10,308.3845,650.7745,180.621985,-0.7324999999999999,-4.105,-10.489,45.43,21.5,3.7,91.7,815.9105000000001,0.0,0.4225,0.0,0.2266
10,2000-01-11,419.499,908.499,176.69277,3.306,-1.825,-10.455,34.02,11.0,2.2,100.0,808.066,0.0,0.337,0.0,0.2265
11,2000-01-12,433.473,934.441,179.49043999999995,3.92,-2.681,-16.682000000000002,16.83,9.0,4.2,268.9,810.084,0.0,0.354,0.0,0.22899999999999998
12,2000-01-13,313.209,836.22,180.05198,1.6165,-3.0895,-12.370000000000001,31.58,14.0,2.7,257.8,809.476,0.0,0.3985,0.0,0.2314
13,2000-01-14,443.169,961.221,179.954035,11.8,1.817,-14.1655,13.15,10.0,4.45,238.4,808.0855000000001,0.0,0.3695,0.0,0.22925
14,2000-01-15,437.6895,936.6645,179.591375,3.7664999999999997,-1.305,-9.1935,34.26,8.0,3.2,32.209999999999994,817.7270000000001,0.0,0.398,0.0,0.23165
15,2000-01-16,296.516,148.787,179.63103,0.631,-3.322,-10.461,39.16,88.0,1.7,41.6,818.7139999999998,0.0,0.322,0.0,0.2058
16,2000-01-17,440.451,872.398,179.53957,8.21,1.421,-7.362,29.52,23.0,8.45,263.2,805.8389999999998,0.0,0.472,0.0,0.2283
17,2000-01-18,397.651,770.74,179.9896,4.147,-2.498,-16.744,16.81,28.0,2.45,96.0,821.34,0.0,0.396,0.0,0.2229
18,2000-01-19,444.73850000000004,842.8509999999999,180.04012,5.418,-0.5459999999999999,-10.0615,28.91,14.0,2.2,116.35,826.6790000000001,0.0,0.532,0.0,0.2297
19,2000-01-20,405.49249999999995,581.3555,179.958525,7.9399999999999995,-0.3395,-16.2685,13.66,40.5,1.7,99.25,824.4855,0.0,0.3815,0.0,0.2245
20,2000-01-21,173.74,2.40849,180.01586,8.69,2.041,-6.555,31.04,98.0,0.45,19.77,813.132,0.0,0.402,0.0,0.1854
21,2000-01-22,254.8055,46.83385,179.530165,7.459,0.8585,-8.5815,28.06,80.0,7.2,292.6,811.7335,0.0,0.4445,0.0,0.20285
22,2000-01-23,247.537,147.49,182.88593,2.704,-2.091,-10.254,34.57,41.0,3.45,126.5,817.873,0.0,0.488,0.0,0.2087
23,2000-01-24,471.797,805.58,179.52245,10.84,2.708,-8.047,23.87,34.0,3.95,250.3,814.3760000000002,0.0,0.424,0.0,0.2209
24,2000-01-25,485.2475,967.9680000000001,179.59309,9.985,2.0865,-8.941,22.85,11.0,5.45,272.3,815.1324999999999,0.0,0.447,0.0,0.2248
25,2000-01-26,288.272,171.27599999999995,179.94585,10.2,2.139,-8.979,22.67,62.0,1.95,144.4,815.7719999999998,0.0,0.436,0.0,0.2089
26,2000-01-27,121.384,0.850625,175.7056,3.2460000000000004,0.274,-3.272,57.78,97.0,1.45,40.82,813.1060000000001,0.0,0.465,0.0,0.1825
27,2000-01-28,502.502,971.8405,179.97116499999998,5.651,-0.6765,-11.1405,26.134999999999998,9.0,3.45,123.9,816.3684999999999,0.0,0.6054999999999999,0.0,0.2287
28,2000-01-29,331.1055,147.9125,184.138485,4.455,0.354,-5.163,47.614999999999995,85.5,2.7,140.95,815.99,0.0,0.581,0.0,0.20450000000000002
29,2000-01-30,228.51049999999998,14.50505,179.87107,2.5665000000000004,-1.5245,-7.5615000000000006,43.43,94.0,3.7,55.459999999999994,813.9929999999999,0.0,0.49150000000000005,0.0,0.19895
30,2000-01-31,387.049,299.449,179.96829,8.76,0.32299999999999995,-14.263,15.21,65.0,7.45,282.9,817.497,0.254,0.562,0.0,0.2209
31,2000-02-01,399.5285,265.797,180.070405,14.76,3.7445000000000004,-12.969999999999999,11.524999999999999,76.5,10.95,278.2,818.88,0.0,0.5055000000000001,0.0,0.2138
32,2000-02-02,534.1215,1001.935,180.03406999999999,20.78,6.4544999999999995,-13.035,8.06,12.0,3.95,191.85000000000002,809.6825,0.0,0.513,0.0,0.22085
33,2000-02-03,124.9425,0.7937565,185.46983,-8.07,-8.336500000000001,-8.839,93.4,97.0,2.95,52.525,806.391,0.0,1.0665,1.0,0.70415
34,2000-02-04,346.466,2.37386,179.97240000000002,-7.5794999999999995,-8.083,-9.1145,89.6,96.0,1.7,23.505000000000003,815.5285000000001,0.762,17.509999999999998,1.0,0.8522
35,2000-02-05,568.3454999999999,969.086,179.94713000000002,-4.082,-6.978,-14.369,45.705,4.0,0.95,117.80000000000001,808.8065,5.8420000000000005,11.895,0.0,0.8429
36,2000-02-06,305.158,5.771375000000001,179.92559,1.569,-2.692,-9.757,38.230000000000004,96.0,8.2,292.85,802.865,0.0,6.915499999999998,0.0,0.7588
37,2000-02-07,131.727,0.593457,147.59503,-5.001,-5.348,-5.845,93.1,96.0,1.2,208.1,811.175,0.0,17.16,1.0,0.9132
38,2000-02-08,582.6400000000001,1010.7349999999999,179.89379000000002,6.999499999999999,2.2405,-3.0555000000000003,48.629999999999995,4.0,1.95,87.8,806.961,11.43,20.869999999999997,0.0,0.8318
39,2000-02-09,410.7355,19.14415,181.66808,-3.4725,-4.455,-6.061,80.15,97.0,2.45,24.46,818.0654999999999,4.3180000000000005,19.83,0.0,0.8539
40,2000-02-10,457.503,113.12,179.4284,-1.632,-4.363,-8.622,54.46,76.0,2.7,158.9,816.4639999999998,0.0,17.03,0.0,0.838
41,2000-02-11,612.439,1012.0550000000001,179.874335,-0.543,-3.9555,-10.307500000000001,44.775000000000006,4.0,1.325,124.2,814.7384999999999,4.8260000000000005,25.215,0.0,0.8274
42,2000-02-12,207.019,1.36992,182.14372,-2.336,-4.11,-7.84,62.21,96.0,1.7,56.09,814.0089999999999,0.0,20.52,0.0,0.8503
43,2000-02-13,478.992,111.28,181.24927,-4.787,-6.023,-8.347999999999999,73.62,86.0,1.7,30.12,816.1410000000002,0.762,20.42,0.0,0.8315
44,2000-02-14,625.5575,1013.095,179.88873,12.44,3.5980000000000003,-7.7305,22.145,10.0,1.45,129.4,810.861,0.0,17.155,0.0,0.7467
45,2000-02-15,615.4290000000001,951.7059999999999,179.901045,2.721,-1.4905,-7.896000000000001,43.165,8.0,2.2,153.15,814.947,0.0,13.65,0.0,0.71145
46,2000-02-16,578.639,684.732,180.38172,8.67,2.258,-6.551,31.52,38.0,2.2,130.9,810.189,0.0,12.2,0.0,0.6842
47,2000-02-17,536.5654999999999,817.7615000000001,179.62537500000002,3.1580000000000004,-0.246,-4.8785,52.864999999999995,34.0,3.7,130.4,812.5385000000001,0.0,10.04,0.0,0.59145
48,2000-02-18,638.596,958.09,179.49033,0.755,-3.37,-10.286,40.88,8.0,2.45,178.0,820.672,0.0,9.62,0.0,0.6278
49,2000-02-19,233.844,1.20176,180.30361499999998,-6.3285,-7.106,-8.6615,82.0,98.0,3.45,23.83,821.8394999999999,0.0,10.03,0.45,0.62455
50,2000-02-20,669.873,1029.81,179.86065,-1.4480000000000002,-5.005,-12.28,39.82,5.0,1.2,63.89,828.7460000000002,2.286,12.07,0.0,0.7347
51,2000-02-21,671.373,1027.79,179.89477,11.54,1.7990000000000002,-15.113,12.51,10.0,2.2,150.0,822.1080000000002,0.0,10.57,0.0,0.5694
52,2000-02-22,542.013,463.842,179.93275,12.6,3.744,-7.997000000000001,20.61,61.0,2.45,127.4,816.3739999999998,0.0,8.42,0.0,0.3947
53,2000-02-23,293.424,3.17995,180.460185,1.4979999999999998,1.1125,-0.3185,88.7,98.0,2.2,276.65,816.042,1.524,6.7620000000000005,1.0,0.3655
54,2000-02-24,686.5664999999999,1007.06,179.85737000000003,0.974,-3.8884999999999996,-13.273,29.285,10.5,9.7,279.75,812.0195000000001,0.0,5.763,0.0,0.26585000000000003
55,2000-02-25,357.486,16.708399999999997,179.90587500000004,-5.2455,-7.5605,-13.32,47.790000000000006,99.0,7.7,23.375,824.1285,0.0,4.002,0.0,0.2351
56,2000-02-26,628.241,949.828,180.4537,3.576,-1.941,-14.218,25.17,21.0,3.45,130.3,820.82,0.0,3.889,0.0,0.2159
57,2000-02-27,629.065,962.849,180.51335,5.979,-0.514,-11.027,25.46,12.0,7.45,290.9,821.29,0.0,1.136,0.0,0.1938
58,2000-02-28,700.084,1015.56,179.90722,13.47,3.411,-11.433,15.07,10.0,2.45,198.5,822.165,0.0,0.833,0.0,0.1915
59,2000-02-29,237.871,1.43171,181.82437499999997,8.515,0.3795,-14.006,15.79,91.0,1.95,123.8,812.7815,0.0,0.6509999999999999,0.0,0.16975
60,2000-03-01,268.651,4.112194999999998,178.84828999999996,1.4575,-0.681,-3.3884999999999996,68.765,96.5,3.45,22.235,811.8325,0.0,0.7485,0.0,0.16935
61,2000-03-02,734.7080000000002,990.893,179.93624499999999,5.261,1.442,-3.4095,64.355,11.0,3.2,101.75,806.6434999999999,3.048,1.0675,0.0,0.19445
62,2000-03-03,720.25,1017.17,180.52605,12.34,3.5380000000000003,-8.065,22.05,13.0,6.2,267.9,811.0269999999998,0.0,0.831,0.0,0.1898
63,2000-03-04,662.436,915.487,179.91272,14.56,3.505,-15.708,9.07,57.0,4.7,271.6,814.815,0.0,0.723,0.0,0.1873
64,2000-03-05,728.735,998.345,180.51634,6.9085,1.5045,-5.423,38.985,11.0,3.2,122.5,826.523,0.0,0.9335,0.0,0.1913
65,2000-03-06,573.769,367.416,180.07506999999995,16.94,5.145,-10.967,12.32,78.0,2.7,143.5,822.075,0.0,0.857,0.0,0.1851
66,2000-03-07,715.2360000000001,885.2330000000002,179.80697,17.66,5.96,-8.199,15.29,55.0,3.95,163.3,815.3389999999998,0.0,0.875,0.0,0.1877
67,2000-03-08,695.4240000000001,996.0015000000001,179.35841,17.09,6.3825,-6.113,18.325,28.0,3.7,101.5,810.194,0.0,0.8175,0.0,0.1853
68,2000-03-09,746.4839999999999,969.751,179.44535000000002,11.68,5.5425,-0.21950000000000003,43.845,21.5,2.95,123.45,817.512,0.254,1.006,0.0,0.1809
69,2000-03-10,684.638,845.122,180.4429,15.24,5.309,-5.6789999999999985,21.55,33.0,5.2,270.5,818.11,0.0,0.845,0.0,0.1862
70,2000-03-11,737.0015000000001,1011.44,179.99491,16.63,5.9205000000000005,-6.3675,18.855,24.0,3.2,117.7,814.2745,0.0,0.8809999999999999,0.0,0.1832
71,2000-03-12,417.189,23.6638,179.91023,5.64,2.319,-1.5219999999999998,58.3,98.0,4.2,63.24,815.154,0.0,0.91,0.0,0.1787
72,2000-03-13,198.05849999999998,1.18691,188.703525,1.4009999999999998,0.508,-0.6779999999999999,85.8,99.0,1.95,78.47,811.7314999999999,0.254,0.8290000000000001,0.0,0.15585
73,2000-03-14,507.098,143.289,179.36715,3.755,1.365,-1.492,68.61,75.0,3.2,47.83,817.9860000000001,0.0,0.935,0.0,0.1821
74,2000-03-15,739.414,874.263,179.46858999999995,8.35,4.202,-0.444,54.51,35.0,2.95,71.38,819.092,0.0,0.912,0.0,0.1849
75,2000-03-16,731.6615000000002,625.9200000000001,180.524095,13.615,6.195,-1.06,32.84,81.0,4.7,34.35,817.7240000000002,0.0,0.9924999999999999,0.0,0.18385
76,2000-03-17,496.132,169.425,179.29645,7.657999999999999,4.892,2.03,67.95,77.0,2.2,41.47,812.3639999999998,0.0,0.918,0.0,0.17800000000000002
77,2000-03-18,697.999,526.0539999999999,179.983245,15.72,5.8375,-6.8809999999999985,18.925,87.0,3.45,118.65,809.329,0.0,0.8925,0.0,0.1802
78,2000-03-19,138.74,0.435202,186.708765,-0.372,-0.372,-0.372,100.0,98.0,4.7,21.415,810.1949999999999,11.809999999999999,7.145,1.0,0.86695
79,2000-03-20,309.992,1.0979,180.41087,-5.189,-5.2360000000000015,-5.3279999999999985,98.9,99.0,1.7,22.25,823.564,0.0,10.35,0.0,0.8769
80,2000-03-21,800.4255,750.4485,179.93726499999997,8.205,1.9615,-6.545,32.135000000000005,55.0,1.7,132.55,819.2594999999999,10.16,7.382999999999999,0.0,0.6884
81,2000-03-22,891.9490000000001,1023.345,180.05596499999996,8.5,2.2645,-5.667,34.455,16.0,5.7,281.85,815.4255,0.0,1.1989999999999998,0.0,0.33294999999999997
82,2000-03-23,505.119,138.174,179.9755,11.48,3.798,-5.4620000000000015,28.42,96.0,2.2,130.6,813.0880000000002,0.0,0.883,0.0,0.1743
83,2000-03-24,837.392,1027.68,179.89398,14.774999999999999,5.160500000000001,-5.934,23.02,17.0,3.2,176.7,813.2830000000001,0.0,0.9895,0.0,0.17625000000000002
84,2000-03-25,817.724,916.705,180.016385,16.93,5.3005,-9.24,14.07,39.0,3.95,227.55,808.3335,0.0,0.9944999999999999,0.0,0.17965
85,2000-03-26,827.563,966.297,179.93411,7.888,4.364,0.794,60.29,14.0,3.95,36.3,806.398,0.0,1.0659999999999998,0.0,0.1815
86,2000-03-27,118.344,0.603349,179.64163,2.061,0.595,-1.291,78.12,99.0,2.2,30.13,806.32,0.0,0.897,0.0,0.1639
87,2000-03-28,901.232,1046.84,179.34385,5.542000000000002,-0.551,-10.534,27.77,9.0,7.7,278.8,811.938,5.587999999999999,1.128,0.0,0.1935
88,2000-03-29,702.0139999999999,382.955,180.74007,9.54,1.433,-10.723,20.72,88.0,2.7,233.7,817.0,0.0,0.92,0.0,0.1811
89,2000-03-30,817.0795,816.8605,178.51717000000002,10.625,3.8585000000000003,-3.9524999999999997,34.385000000000005,50.0,3.45,53.375,815.4590000000001,0.0,0.9875,0.0,0.1782
90,2000-03-31,911.711,1021.33,180.57894,16.27,6.1370000000000005,-5.202000000000001,21.47,30.0,3.95,85.6,814.0010000000002,0.0,1.128,0.0,0.1799
91,2000-04-01,819.1439999999999,684.3839999999999,179.84045,17.96,6.426,-6.858,16.7,61.0,3.95,110.4,806.705,0.0,1.097,0.0,0.1816
92,2000-04-02,138.026,0.474767,185.24606,-5.676,-5.746,-5.8039999999999985,99.1,99.0,0.0,0.0,812.992,0.508,1.108,0.0,0.1734
93,2000-04-03,422.507,2.74472,178.76473,0.487,-1.81,-5.086,62.77,98.0,2.95,135.4,817.54,4.3180000000000005,1.11,0.0,0.1674
94,2000-04-04,874.3919999999998,870.898,180.67782,9.79,3.782,-3.653,37.05,39.0,3.45,102.8,812.076,0.0,1.169,0.0,0.1779
95,2000-04-05,818.43,738.31,179.00274,17.99,7.093,-4.164,20.98,57.0,3.45,109.0,809.2330000000002,0.0,1.115,0.0,0.1747
96,2000-04-06,914.704,1006.64,180.49425,19.9,6.978,-7.415,14.25,16.0,3.7,128.5,810.85,0.0,1.15,0.0,0.1758
97,2000-04-07,914.271,1016.88,179.24400000000003,20.04,7.047999999999999,-8.343,12.89,18.0,3.45,116.3,814.867,0.0,1.138,0.0,0.17600000000000002
98,2000-04-08,923.944,999.55,180.76269,18.81,6.806,-6.854,15.71,21.0,5.45,286.7,817.4889999999998,0.0,1.003,0.0,0.1756
99,2000-04-09,906.06,965.402,179.9574,9.03,4.28,-0.965,48.77,15.0,4.2,40.96,820.5210000000002,0.0,1.154,0.0,0.1798
100,2000-04-10,621.085,378.462,180.08381,19.18,7.132999999999999,-6.312,15.66,85.0,3.45,262.2,812.257,0.0,0.969,0.0,0.1782
101,2000-04-11,922.7175,1007.365,179.97063,17.895,5.392,-11.2085,11.34,35.0,4.075,260.9,805.1485,0.0,0.9915,0.0,0.1788
102,2000-04-12,288.453,1.32043,180.82045,-6.221,-7.1610000000000005,-8.907,78.05,98.0,3.45,43.45,813.811,0.0,0.825,0.5,0.6614
103,2000-04-13,399.62,1.8399,181.92797,-6.916,-7.729,-9.656,78.39,98.0,2.95,34.07,815.888,2.54,7.792999999999998,1.0,0.7954
104,2000-04-14,967.948,1043.81,180.09473,2.688,-2.063,-11.15,30.43,6.0,5.45,271.4,816.102,0.0,1.314,0.0,0.24100000000000002
105,2000-04-15,362.375,3.06149,177.72458,8.63,1.439,-8.753,25.97,89.0,2.95,105.2,811.7510000000002,0.0,1.087,0.0,0.1773
106,2000-04-16,328.368,1.414495,181.591525,-3.41,-3.504,-3.6109999999999998,98.2,97.0,3.95,19.265,816.1585,0.0,14.23,1.0,0.9173
107,2000-04-17,991.3195000000001,1037.42,180.70617499999997,5.011500000000001,0.3115,-5.7615,42.345,5.0,2.45,145.55,816.1845,7.874,7.9830000000000005,0.0,0.7090000000000001
108,2000-04-18,478.84799999999996,27.81485,175.18899499999998,11.915,5.208,-1.6305,38.81,97.0,1.45,32.075,810.567,0.0,0.9724999999999999,0.0,0.28765
109,2000-04-19,984.1814999999999,865.3025,179.90742,12.76,5.3485,-0.49250000000000005,41.295,45.0,2.7,119.45,812.2845000000001,0.0,1.279,0.0,0.17335
110,2000-04-20,996.296,1008.03,180.01379,15.48,5.793000000000001,-5.042,22.78,26.0,4.45,285.45,814.8009999999999,0.0,1.1675,0.0,0.17185
111,2000-04-21,950.1804999999999,948.086,180.11839,16.51,7.638499999999999,-0.768,30.52,25.0,2.95,45.18,814.5975000000001,0.0,1.189,0.0,0.1714
112,2000-04-22,554.435,93.1536,183.15593,15.24,6.936,-1.24,31.97,90.0,4.7,44.96,814.823,0.0,1.161,0.0,0.1764
113,2000-04-23,345.81399999999996,3.90466,179.782295,15.3,6.0285,-4.1935,24.020000000000003,88.0,6.45,291.1,811.6379999999999,0.0,1.1265,0.0,0.17905
114,2000-04-24,710.3734999999999,449.928,176.609265,10.225000000000001,5.554,0.798,50.8,67.0,3.575,57.24,817.899,0.0,1.2189999999999999,0.0,0.17300000000000001
115,2000-04-25,986.4269999999999,855.4865,179.965555,14.335,5.7545,-5.2845,23.095,52.0,4.45,277.65,820.6470000000002,0.0,1.2145000000000001,0.0,0.1749
116,2000-04-26,496.53200000000004,53.3364,180.05328,20.215,8.543,-3.1005000000000003,19.740000000000002,97.0,2.7,63.135,815.9825000000001,0.0,1.1165,0.0,0.1768
117,2000-04-27,975.511,1007.01,179.85745,22.45,9.698,-1.315,20.65,14.0,3.7,107.8,816.221,0.0,1.258,0.0,0.1696
118,2000-04-28,1038.55,1033.69,179.93653,20.94,7.528,-7.8889999999999985,12.76,29.0,6.95,292.6,817.4939999999998,0.0,1.186,0.0,0.1741
119,2000-04-29,980.572,1026.58,180.01243,17.92,7.228,-4.257,20.7,9.0,3.45,109.0,823.8939999999999,0.0,1.274,0.0,0.1713
120,2000-04-30,331.95050000000003,3.694395,179.795595,23.244999999999997,10.7745,-0.538,19.505,99.0,1.45,94.19999999999999,815.3555000000001,0.0,0.9544999999999999,0.0,0.1811
121,2000-05-01,851.706,584.229,178.98485,24.86,12.262,2.603,23.5,77.0,3.2,37.05,814.793,0.0,1.1740000000000002,0.0,0.1755
122,2000-05-02,290.551,3.02673,184.34697,14.07,10.5,7.9620000000000015,66.14,94.0,1.45,110.0,817.557,0.0,1.171,0.0,0.1768
123,2000-05-03,978.137,969.272,180.87672,20.23,12.532,6.9860000000000015,42.47,14.0,3.45,52.93,815.122,0.0,1.357,0.0,0.1699
124,2000-05-04,1011.95,1020.59,179.13255,17.87,8.257,-0.8859999999999999,28.11,14.0,6.95,281.5,815.898,0.0,1.277,0.0,0.1735
125,2000-05-05,1007.335,1010.04,180.085685,18.94,5.9735,-11.636,10.27,18.0,4.95,286.95,820.5585,0.0,1.1635,0.0,0.17404999999999998
126,2000-05-06,959.321,847.5645,180.74502999999999,17.439999999999998,8.1775,-0.5235000000000001,30.22,33.5,2.95,30.68,820.7004999999999,0.0,1.2185000000000001,0.0,0.17385
127,2000-05-07,990.799,957.338,179.86009,19.38,8.148,-3.302,21.04,12.0,4.7,106.6,813.0060000000002,0.0,1.337,0.0,0.1755
128,2000-05-08,1004.1,988.136,179.89171000000005,11.2,5.062,-1.349,40.17,10.0,3.2,117.9,821.577,0.254,1.388,0.0,0.1739
129,2000-05-09,1028.45,890.807,179.28493999999995,13.3,6.221,-0.998,36.84,49.0,3.7,84.8,821.988,0.0,1.231,0.0,0.1782
130,2000-05-10,989.508,959.157,180.89706999999999,11.774999999999999,5.274,-1.665,38.230000000000004,22.0,3.45,53.425,822.4495,0.0,1.2429999999999999,0.0,0.1746
131,2000-05-11,335.5630000000001,2.33928,181.24363,4.506,3.294,2.048,85.6,96.0,1.7,81.2,817.2769999999998,0.254,1.098,1.0,0.1708
132,2000-05-12,1015.18,902.682,179.96152,16.41,10.484000000000002,6.2189999999999985,52.15,37.0,2.95,37.35,810.922,0.254,1.361,0.0,0.172
133,2000-05-13,992.0385,914.1555000000001,178.97713,23.29,9.481,-3.9515000000000002,15.35,40.5,3.95,89.55,808.238,0.0,1.2745,0.0,0.1712
134,2000-05-14,989.063,623.533,179.95958000000005,19.2,11.058,4.602,37.94,75.0,3.7,41.17,812.811,0.0,1.293,0.0,0.1761
135,2000-05-15,368.837,4.25817,163.52372,15.33,10.115,6.148,54.05,96.0,1.45,86.9,815.6289999999998,0.0,1.149,0.0,0.1786
136,2000-05-16,1019.9300000000001,974.533,180.26954,17.44,9.677,3.3415,38.92,16.0,3.7,117.35,816.8255,0.508,1.4655,0.0,0.15195
137,2000-05-17,964.258,865.495,179.90695,17.97,11.276,6.606,46.87,31.0,2.95,34.78,817.273,0.0,1.327,0.0,0.1509
138,2000-05-18,991.347,959.7615000000001,178.842515,23.759999999999998,15.0075,9.997499999999999,42.0,18.0,2.95,34.9,814.838,0.0,1.375,0.0,0.1528
139,2000-05-19,823.3610000000001,397.94,179.83737,29.82,12.368,-3.129,11.16,88.0,3.95,193.6,812.058,0.0,1.14,0.0,0.1629
140,2000-05-20,1041.01,1014.6800000000001,180.14254499999998,27.619999999999997,10.447,-6.8245000000000005,9.34,57.0,5.95,192.9,807.4065,0.0,1.1444999999999999,0.0,0.16175
141,2000-05-21,1025.3400000000001,1015.9649999999999,180.80017,20.465,8.2915,-3.77,18.42,18.0,3.95,101.5,812.509,0.0,1.27,0.0,0.16
142,2000-05-22,1038.0749999999998,1019.325,180.036475,23.83,9.411999999999999,-4.875,13.905000000000001,23.0,5.2,127.9,811.385,0.0,1.287,0.0,0.1596
143,2000-05-23,645.928,195.51300000000003,179.97272999999998,23.215,9.992999999999999,-2.2375,17.655,95.0,3.7,29.325,807.7945,0.0,1.0365,0.0,0.1703
144,2000-05-24,399.618,3.3971400000000003,162.88698499999998,11.59,8.1685,5.196,65.35,97.0,1.7,274.65,814.8050000000001,0.254,0.996,0.0,0.1701
145,2000-05-25,1034.35,766.5930000000002,177.99811,14.24,7.692,1.91,43.1,58.0,2.7,58.41,818.71,0.508,1.221,0.0,0.1539
146,2000-05-26,1013.54,1001.32,182.31514,22.06,10.825,1.695,26.11,15.0,3.2,81.1,816.2360000000001,0.0,1.248,0.0,0.1486
147,2000-05-27,983.605,776.1424999999999,178.90583500000002,24.24,13.215,5.8035,30.695,74.0,2.7,107.2,817.784,0.0,1.2505000000000002,0.0,0.15615
148,2000-05-28,754.838,222.236,180.296275,17.92,13.4705,10.812000000000001,63.040000000000006,85.0,3.7,30.45,824.3995,0.0,1.3475000000000001,0.0,0.16385
149,2000-05-29,992.369,949.23,179.82036000000005,26.18,16.292,11.134,38.35,19.0,2.7,67.69,820.7869999999998,0.0,1.321,0.0,0.1514
150,2000-05-30,1009.43,909.953,181.22669,25.47,15.9,10.614,39.33,29.0,3.95,26.09,821.378,0.0,1.274,0.0,0.1535
151,2000-05-31,299.6620000000001,2.01457,181.88382,26.48,14.898,7.617000000000001,30.2,92.0,2.45,137.9,818.5369999999998,0.0,1.161,0.0,0.1561
152,2000-06-01,1020.815,922.7945,173.73789,30.009999999999998,14.6905,4.188000000000001,19.8,32.5,3.2,109.9,818.5434999999999,0.0,1.2085,0.0,0.15395
153,2000-06-02,887.88,427.9980000000001,180.11985,28.34,13.982,3.736,21.1,96.0,4.7,83.4,821.003,0.0,1.143,0.0,0.1696
154,2000-06-03,1057.985,888.377,182.70783,28.355,14.3675,4.6375,22.439999999999998,58.5,2.7,125.3,818.5550000000001,0.0,1.2225000000000001,0.0,0.1576
155,2000-06-04,489.274,81.56555,171.700965,27.965,13.59,3.258,20.384999999999998,84.0,2.7,126.85,815.6645,0.0,1.0335,0.0,0.16149999999999998
156,2000-06-05,826.916,577.419,179.71659,29.38,15.004,5.621,22.19,71.0,2.7,34.77,816.8430000000002,0.0,1.018,0.0,0.1592
157,2000-06-06,473.006,26.4018,178.78236,24.0,14.019,7.819,35.69,97.0,4.45,181.2,810.818,0.0,1.047,0.0,0.179
158,2000-06-07,1030.64,999.743,177.83622,28.78,12.177,-2.011,13.1,30.0,4.7,208.6,805.061,0.0,1.162,0.0,0.1585
159,2000-06-08,1042.08,970.463,180.06122,20.93,11.130999999999998,3.646,32.1,24.0,4.7,112.9,810.2589999999999,0.0,1.3330000000000002,0.0,0.1619
160,2000-06-09,733.6195,322.27950000000004,182.70022999999998,14.675,7.186,1.109,39.94499999999999,87.0,4.825,112.65,816.445,10.67,1.1865,0.0,0.1663
161,2000-06-10,1039.615,1024.455,180.144645,21.365000000000002,9.465499999999999,-1.702,20.84,14.0,4.95,289.45000000000005,821.8245,0.0,1.2485,0.0,0.1578
162,2000-06-11,1056.815,997.9784999999999,179.98100500000004,24.845,11.325,-0.20350000000000001,19.229999999999997,32.0,3.825,122.4,825.674,0.0,1.345,0.0,0.1593
163,2000-06-12,1015.48,978.465,180.21731,29.41,13.395,0.7709999999999999,15.62,14.0,3.45,109.7,824.299,0.0,1.262,0.0,0.1568
164,2000-06-13,394.804,18.9704,181.66638,26.87,15.154000000000002,8.238,28.85,95.0,3.2,30.29,816.2180000000002,0.0,1.039,0.0,0.16899999999999998
165,2000-06-14,1114.945,950.788,180.280985,30.04,12.888,-1.474,12.76,61.0,4.325,234.85,813.4185,0.0,1.153,0.0,0.1652
166,2000-06-15,1024.815,929.2249999999999,180.106875,29.61,12.6565,-1.6239999999999999,12.805,30.0,3.7,74.4,818.6554999999998,0.0,1.0945,0.0,0.1635
167,2000-06-16,877.8589999999998,449.966,178.70932,31.32,13.279000000000002,-1.42,11.85,91.0,4.2,234.0,812.7260000000001,0.0,0.985,0.0,0.1732
168,2000-06-17,998.48,894.875,179.34517,29.31,13.72,2.809,18.46,17.0,3.7,28.6,811.16,0.0,1.022,0.0,0.1632
169,2000-06-18,1010.29,929.0219999999999,174.68875500000001,18.705,9.761,2.0895,33.055,21.0,3.7,116.4,820.4869999999999,0.0,1.2265000000000001,0.0,0.1654
170,2000-06-19,184.7075,1.135665,179.39465,14.34,11.221,8.8885,68.41,99.0,2.2,200.15,818.8295,0.508,1.157,0.0,0.18375
171,2000-06-20,1026.1399999999999,993.226,180.032105,26.7,11.245000000000001,-2.6475,14.27,36.0,4.45,116.1,816.9345000000001,0.0,1.341,0.0,0.1586
172,2000-06-21,144.36599999999999,1.16776,179.03671500000002,21.4,11.3155,3.622,30.58,97.0,1.45,154.3,817.6755,0.0,0.998,0.0,0.18209999999999998
173,2000-06-22,1038.19,946.9385,181.30777999999998,24.695,14.006499999999999,7.0794999999999995,32.03,30.5,3.45,83.15,820.825,0.0,1.274,0.0,0.161
174,2000-06-23,996.361,958.414,179.90681999999995,25.54,15.197,8.964,35.8,10.0,3.2,44.73,820.477,0.0,1.284,0.0,0.1575
175,2000-06-24,1013.415,955.3499999999999,180.13929000000002,30.455,14.7055,3.8289999999999997,18.48,24.0,3.45,72.455,817.0364999999999,0.0,1.1855,0.0,0.16135
176,2000-06-25,363.33,13.0947,171.47374,31.0,14.815,3.487,17.3,93.0,2.7,127.5,815.201,0.0,0.944,0.0,0.1664
177,2000-06-26,232.574,0.972723,159.01362,22.86,15.491,10.862,46.23,92.0,2.45,81.1,819.45,0.0,1.12,0.0,0.1753
178,2000-06-27,1051.14,970.023,180.0344,28.35,14.168,4.387,21.72,33.0,3.45,107.0,814.217,0.0,1.2919999999999998,0.0,0.1603
179,2000-06-28,600.8215,124.757,181.889475,30.03,14.3825,3.5890000000000004,18.67,93.0,2.45,113.05,807.8870000000002,0.0,1.123,0.0,0.1685
180,2000-06-29,735.709,229.101,179.71065,29.82,13.334,0.507,14.87,99.0,2.45,119.2,807.846,0.0,1.082,0.0,0.1737
181,2000-06-30,1035.01,996.9929999999999,179.95682500000004,23.595,12.371,4.541,29.225,21.0,3.95,117.05000000000001,813.1785,0.0,1.2315,0.0,0.1665
182,2000-07-01,1018.47,977.531,181.0049,26.62,11.919,-0.422,16.79,19.0,4.7,126.3,816.773,0.0,1.287,0.0,0.1657
183,2000-07-02,784.903,504.334,180.05681,30.53,13.373,-0.561,13.13,63.0,3.95,50.4,817.95,0.0,0.997,0.0,0.17
184,2000-07-03,374.996,30.8675,185.84918,26.689999999999998,15.823,9.9345,34.595,87.0,2.95,94.05000000000001,821.29,0.0,1.0350000000000001,0.0,0.17625000000000002
185,2000-07-04,348.324,4.25623,181.35608,27.53,15.407,7.9529999999999985,28.97,99.0,2.7,256.0,820.061,0.0,0.973,0.0,0.1734
186,2000-07-05,1063.04,952.222,181.21701,30.26,15.44,5.922999999999999,21.27,63.0,3.2,99.9,818.952,0.0,1.255,0.0,0.1644
187,2000-07-06,1024.06,894.482,174.83796999999996,31.28,15.622,5.352,19.14,59.0,2.7,120.0,818.568,0.0,1.138,0.0,0.1665
188,2000-07-07,344.77700000000004,6.50539,186.76547,31.51,13.738,-0.504,13.04,97.0,3.575,260.3,815.0899999999999,0.0,0.9055,0.0,0.1804
189,2000-07-08,1038.14,964.047,180.06125,32.12,13.519,-1.511,11.26,36.0,4.45,85.5,814.0,0.0,1.119,0.0,0.172
190,2000-07-09,1046.25,898.712,181.4879,30.38,13.55,0.544,14.61,68.0,3.95,74.74,817.183,0.0,1.063,0.0,0.1734
191,2000-07-10,1019.56,985.221,179.8467,33.33,13.725,-3.131,9.0,21.0,3.95,113.0,819.939,0.0,1.173,0.0,0.1724
192,2000-07-11,999.789,956.184,180.12905999999998,29.384999999999998,15.819500000000001,7.8865,26.25,25.0,3.45,94.85,823.681,0.0,1.1535,0.0,0.17235
193,2000-07-12,734.7655,200.0995,171.78409499999998,32.585,14.8325,2.288,15.395,97.0,3.45,72.35499999999999,818.229,0.0,0.934,0.0,0.17935
194,2000-07-13,638.9225000000001,217.9135,179.95050500000002,33.185,15.8605,4.864000000000001,16.875,85.0,3.45,71.32,814.3444999999999,0.0,0.924,0.0,0.1767
195,2000-07-14,531.562,131.03050000000002,181.35836999999998,21.87,14.565,10.361,48.28,80.0,2.95,56.17,818.6990000000001,0.0,1.1055000000000001,0.0,0.17959999999999998
196,2000-07-15,434.889,8.969249999999999,178.32472,21.61,15.607500000000002,12.6465,56.055,84.0,1.95,100.2,821.7974999999999,0.0,1.1909999999999998,0.0,0.18380000000000002
197,2000-07-16,441.266,39.81015,168.85347499999997,30.1,15.2235,5.8475,22.07,86.5,3.45,136.45,819.0049999999999,0.0,1.109,0.0,0.17645
198,2000-07-17,910.0944999999999,612.4345000000001,178.95223,32.224999999999994,15.487,4.467499999999999,17.42,62.5,3.45,63.595,819.058,0.0,1.0605,0.0,0.1724
199,2000-07-18,402.86300000000006,19.5777,179.98952,32.19,14.867,2.7,15.22,89.0,2.95,121.5,818.123,0.0,1.054,0.0,0.1771
200,2000-07-19,297.449,1.994815,183.872655,26.85,14.036999999999999,4.1985,22.865000000000002,99.0,3.2,234.3,819.3805000000001,0.0,0.917,0.0,0.18395
201,2000-07-20,979.808,937.1310000000001,180.26071000000002,30.775,15.988,6.784999999999999,21.94,15.0,4.2,75.36,817.5585,0.0,1.166,0.0,0.17504999999999998
202,2000-07-21,942.5645,802.465,180.22698499999996,24.96,17.101,13.099,47.68,76.0,2.95,88.30000000000001,818.7160000000001,0.0,1.112,0.0,0.1751
203,2000-07-22,782.002,351.971,177.76119,30.39,15.854,7.018,22.87,93.0,2.95,107.4,817.015,0.0,1.085,0.0,0.1849
204,2000-07-23,999.674,922.515,179.14469,30.5,15.709,6.553,22.44,44.0,3.7,101.4,817.847,0.0,1.165,0.0,0.1785
205,2000-07-24,700.2830000000001,279.75149999999996,182.907335,28.445,17.377499999999998,11.749500000000001,36.135000000000005,85.0,4.2,43.65,817.558,0.0,1.068,0.0,0.1802
206,2000-07-25,497.387,27.69045,160.360055,26.985,15.958,9.881499999999999,34.35,94.0,2.575,73.5,819.4495,0.0,1.1135000000000002,0.0,0.17235
207,2000-07-26,173.959,0.548086,181.17532,25.05,15.35,9.647,36.25,98.0,3.7,32.09,822.682,0.0,1.125,0.0,0.1572
208,2000-07-27,982.006,939.483,181.17499,26.37,16.428,10.974,37.74,19.0,3.2,127.0,822.8919999999998,0.0,1.362,0.0,0.1627
209,2000-07-28,499.334,10.9271,181.18133,25.77,17.333,13.263,45.3,97.0,2.45,52.78,818.46,0.0,0.254,0.0,0.1683
210,2000-07-29,996.125,975.634,180.21302999999997,29.88,13.5315,0.9784999999999999,15.565000000000001,14.0,8.95,292.0,816.9735000000001,0.0,0.2525,0.0,0.1686
211,2000-07-30,1002.07,893.543,179.91746,24.65,15.667,10.606,41.02,29.0,4.45,54.61,823.196,0.0,0.395,0.0,0.1698
212,2000-07-31,948.4385,948.2875,178.992345,27.134999999999998,14.357,5.5985,25.005000000000003,11.5,3.2,58.935,823.3834999999999,0.0,0.232,0.0,0.1653
213,2000-08-01,927.0364999999999,923.693,179.68065,28.805,14.1875,3.755,20.355,12.0,3.7,84.65,822.71,0.254,0.2295,0.0,0.16645
214,2000-08-02,946.4485,576.268,172.83298000000002,24.965,15.701,10.6645,39.86,65.5,3.2,55.975,822.6244999999999,0.0,0.314,0.0,0.1689
215,2000-08-03,959.426,893.835,172.64756,26.06,16.708,11.847,41.11,20.0,2.95,108.4,820.39,0.0,0.405,0.0,0.1689
216,2000-08-04,875.155,621.469,178.9267,28.65,17.365,11.599,35.07,53.0,3.45,52.24,818.315,0.0,0.285,0.0,0.1717
217,2000-08-05,858.47,602.219,181.44847,29.32,16.992,10.265999999999998,30.68,61.0,2.95,100.6,817.8530000000002,0.0,0.257,0.0,0.1765
218,2000-08-06,262.32550000000003,2.4317900000000003,191.0913,27.244999999999997,13.745000000000001,4.6645,23.64,92.0,3.2,163.14999999999998,816.5359999999998,0.0,0.331,0.0,0.1807
219,2000-08-07,999.063,984.181,179.16951,33.1,13.473,-3.338,9.18,36.0,4.45,104.9,816.637,0.0,0.315,0.0,0.1731
220,2000-08-08,960.8199999999999,928.758,180.742745,31.765,12.516499999999999,-5.6135,8.15,21.0,4.075,113.80000000000001,819.4940000000001,0.0,0.2655,0.0,0.1773
221,2000-08-09,957.564,888.572,179.93991,33.29,12.998,-5.497000000000001,7.544,17.0,3.7,118.7,818.4739999999998,0.0,0.242,0.0,0.17800000000000002
222,2000-08-10,905.33,769.0930000000002,180.03104,25.98,15.897,10.529000000000002,37.74,37.0,3.2,79.94,820.2189999999998,0.0,0.297,0.0,0.1788
223,2000-08-11,589.1010000000001,225.5115,179.2615,31.475,13.396999999999998,-2.444,10.59,76.0,3.45,116.30000000000001,816.6935,0.0,0.2435,0.0,0.1847
224,2000-08-12,444.388,77.65965,182.219085,29.115000000000002,13.818000000000001,2.999,18.96,84.5,2.2,114.05,817.759,0.0,0.532,0.0,0.17845
225,2000-08-13,940.7085,892.9425,180.042045,32.2,13.000499999999999,-3.72,9.16,16.0,4.2,114.55,819.277,0.0,0.277,0.0,0.1817
226,2000-08-14,894.0795,782.5815,180.14863,29.744999999999997,13.69,1.394,15.81,22.5,4.7,52.585,820.544,0.0,0.217,0.0,0.18600000000000003
227,2000-08-15,855.44,691.237,179.98106,30.32,14.34,2.88,17.61,27.0,3.95,96.6,821.681,0.0,0.209,0.0,0.1897
228,2000-08-16,907.019,831.965,178.45125,31.8,14.433,2.2,16.18,11.0,3.2,99.6,823.77,0.0,0.238,0.0,0.1847
229,2000-08-17,865.0739999999998,713.774,179.940865,30.81,16.959,9.2085,27.095,37.0,3.45,54.504999999999995,825.1405,0.0,0.2155,0.0,0.1837
230,2000-08-18,859.288,740.3919999999998,178.18185,33.1,15.202,1.618,13.31,58.0,3.2,94.8,822.502,0.0,0.4320000000000001,0.0,0.1844
231,2000-08-19,887.903,819.068,179.38768000000005,31.39,15.547,5.47,19.25,46.0,3.2,105.2,819.669,0.0,0.268,0.0,0.1829
232,2000-08-20,780.5044999999999,540.8490000000002,180.31109,28.755000000000003,15.631499999999999,7.7509999999999994,26.255000000000003,68.0,3.2,42.16,817.1015000000001,0.0,0.3335,0.0,0.18505
233,2000-08-21,823.753,612.373,180.17712,31.12,15.044,4.305,18.45,78.0,3.95,92.6,817.831,0.0,0.225,0.0,0.195
234,2000-08-22,794.5859999999999,571.9965,180.049715,33.06,13.9315,-1.9095,10.17,86.0,3.7,74.81,818.8555000000001,0.0,0.192,0.0,0.1994
235,2000-08-23,735.196,381.32,179.92864,31.14,13.965,1.868,15.62,92.0,2.7,51.46,819.6469999999998,0.0,0.532,0.0,0.1949
236,2000-08-24,806.0490000000001,593.0895,180.32031,32.23,15.318999999999999,4.1665,16.7,75.0,2.95,59.980000000000004,819.6560000000002,0.0,0.36,0.0,0.19355
237,2000-08-25,794.573,591.641,180.20623,33.18,16.000999999999998,4.9689999999999985,17.32,74.0,3.7,95.6,818.466,0.0,0.233,0.0,0.1972
238,2000-08-26,583.2245,171.8425,180.594695,29.88,15.5605,6.655500000000001,23.27,89.0,2.2,65.39,817.874,0.0,0.532,0.0,0.1879
239,2000-08-27,883.092,903.7525,179.25627999999998,31.305,16.133499999999998,7.0665,22.060000000000002,23.0,3.2,109.05,815.3205,0.0,0.293,0.0,0.1884
240,2000-08-28,490.399,104.055,168.53624,23.37,14.674,9.384,40.95,95.0,3.7,52.41,820.915,0.0,0.241,0.0,0.1897
241,2000-08-29,255.4415,2.199715,171.39272000000003,21.560000000000002,14.4285,10.8645,47.205,100.0,2.45,233.55,818.7230000000002,0.0,0.16699999999999998,0.0,0.17625000000000002
242,2000-08-30,906.892,904.5605,178.27952,29.46,12.488,-1.4435,13.045,31.0,7.575,291.5,812.187,0.0,0.2225,0.0,0.1851
243,2000-08-31,570.915,268.5365,179.866575,18.0,10.358,4.486500000000001,40.81,74.0,3.2,35.415,812.9145,0.0,0.21500000000000002,0.0,0.18215
244,2000-09-01,867.502,952.4580000000001,180.01839,22.405,12.974,6.5985,35.825,13.0,3.7,119.69999999999999,815.0885000000001,0.0,0.501,0.0,0.1791
245,2000-09-02,878.44,997.508,180.16956499999998,27.075,13.309000000000001,3.025,21.34,14.0,3.45,93.15,817.9770000000001,0.0,0.35150000000000003,0.0,0.1796
246,2000-09-03,863.799,956.678,180.08956,24.76,12.693,3.998,26.0,16.0,4.45,126.5,821.643,0.0,0.443,0.0,0.1819
247,2000-09-04,853.1354999999999,938.4169999999999,180.012825,28.880000000000003,13.6555,2.316,18.16,12.0,3.45,55.265,824.3415,0.0,0.2745,0.0,0.1815
248,2000-09-05,872.638,946.1935,180.617685,34.04,15.002,0.33599999999999997,11.594999999999999,28.0,4.2,118.5,823.5935,0.0,0.32,0.0,0.18585000000000002
249,2000-09-06,867.684,851.4830000000002,180.09242,33.42,13.438,-4.3039999999999985,8.15,33.0,5.2,285.0,821.0010000000002,0.0,0.184,0.0,0.1869
250,2000-09-07,752.122,565.879,179.35581000000005,30.08,12.879,-1.238,12.84,90.0,4.45,54.94,810.867,0.0,0.222,0.0,0.2042
251,2000-09-08,151.6005,0.730775,182.814255,-0.2005,-0.2005,-0.2005,100.0,100.0,4.2,21.75,824.456,14.22,0.532,1.0,0.1627
252,2000-09-09,246.795,1.00729,203.67881,0.838,0.475,-0.181,96.8,100.0,0.7,29.23,825.5830000000002,0.762,3.2430000000000003,0.0,0.4207
253,2000-09-10,275.2175,2.031865,179.176325,6.906499999999999,4.3759999999999994,1.7395,69.555,99.0,1.45,134.8,824.5705,0.508,0.206,0.0,0.1743
254,2000-09-11,841.3845,871.3155,180.191765,17.884999999999998,8.593499999999999,-0.1065,29.42,43.0,4.45,268.65,817.5585,0.0,0.288,0.0,0.181
255,2000-09-12,840.6260000000002,992.374,180.55272,24.12,10.695,-1.6780000000000002,17.26,16.0,3.2,120.8,819.885,0.0,0.34700000000000003,0.0,0.1794
256,2000-09-13,835.959,998.941,179.43368999999996,26.5,11.695,-0.848,16.45,16.0,3.2,103.1,823.3510000000001,0.0,0.329,0.0,0.1813
257,2000-09-14,822.7330000000002,940.328,180.00447,27.45,12.473,1.575,18.86,34.0,2.95,97.4,824.4069999999998,0.0,0.231,0.0,0.1824
258,2000-09-15,763.6060000000001,708.8185,179.53073,28.62,11.7085,-3.987,10.97,78.0,2.95,90.15,822.149,0.0,0.2325,0.0,0.1887
259,2000-09-16,685.921,456.656,179.47557,20.76,11.45,4.4910000000000005,33.93,96.0,3.2,54.46,827.215,0.0,0.199,0.0,0.1961
260,2000-09-17,711.732,561.128,180.03178,27.17,12.763,1.758,19.13,90.0,2.95,90.1,822.67,0.0,0.205,0.0,0.1975
261,2000-09-18,700.6619999999998,573.431,180.57849,23.52,12.658,4.7639999999999985,30.41,83.0,2.2,50.5,822.586,0.0,0.16899999999999998,0.0,0.1927
262,2000-09-19,402.644,65.1371,182.31562,27.5,12.042,-1.294,14.96,93.0,3.2,113.4,816.966,0.0,0.155,0.0,0.1853
263,2000-09-20,337.6090000000001,33.9696,180.0565,22.91,12.835,5.3820000000000014,33.32,92.0,2.2,53.81,819.518,0.0,0.195,0.0,0.1799
264,2000-09-21,778.7289999999998,863.159,179.40768,27.55,13.102,2.71,19.97,60.0,3.7,78.56,820.8439999999998,0.0,0.16899999999999998,0.0,0.1905
265,2000-09-22,537.648,380.589,179.354495,25.630000000000003,12.3345,1.8685,21.630000000000003,65.0,1.95,119.30000000000001,820.198,0.0,0.532,0.0,0.18864999999999998
266,2000-09-23,753.3535,810.6845000000002,180.656795,26.58,11.658999999999999,-1.915,14.875,43.0,3.2,116.15,820.5775,0.0,0.265,0.0,0.1953
267,2000-09-24,685.125,695.7275,180.01676,27.66,12.196000000000002,-1.2534999999999998,14.56,86.0,2.95,132.6,817.5569999999999,0.0,0.2315,0.0,0.19394999999999998
268,2000-09-25,657.0055,438.5450000000001,180.14811500000002,24.84,12.8885,3.9195,26.46,97.0,2.2,58.93,816.3009999999999,0.0,0.2305,0.0,0.19335
269,2000-09-26,516.722,110.058,179.33118000000005,28.48,11.792,-3.103,12.32,98.0,2.95,133.8,811.8739999999998,0.0,0.532,0.0,0.1975
270,2000-09-27,294.311,2.41946,179.46358999999995,9.08,4.53,-0.199,52.49,98.0,2.2,77.49,821.53,0.0,0.532,0.0,0.1917
271,2000-09-28,756.5985000000001,977.3599999999999,179.40653,13.09,4.2555,-6.6080000000000005,22.64,17.0,2.7,65.58500000000001,826.3615,0.0,0.296,0.0,0.2007
272,2000-09-29,745.9114999999999,998.4855,179.533515,24.064999999999998,10.3125,-2.645,16.439999999999998,18.0,3.7,130.85000000000002,822.2365,0.0,0.3115,0.0,0.19829999999999998
273,2000-09-30,712.2869999999998,841.0089999999999,179.10726,19.92,9.176,-1.145,23.31,19.0,3.2,79.95,825.297,0.0,0.293,0.0,0.2077
274,2000-10-01,712.788,873.557,181.04968,16.31,7.704,-0.8320000000000001,31.12,22.0,2.95,120.4,827.1210000000002,0.0,0.266,0.0,0.209
275,2000-10-02,520.719,293.011,178.99059,19.42,8.036,-3.452,20.27,79.0,1.95,110.5,820.8889999999999,0.0,0.182,0.0,0.2053
276,2000-10-03,665.5704999999998,738.7860000000001,180.00542000000002,16.41,8.0125,-0.056,33.010000000000005,44.0,3.2,107.5,822.7895000000001,0.0,0.306,0.0,0.2116
277,2000-10-04,714.046,961.0505,180.1141,24.405,9.8525,-4.42,13.39,18.0,3.2,126.95,820.0944999999999,0.0,0.293,0.0,0.2084
278,2000-10-05,691.9075,866.3294999999998,179.51294499999997,25.675,9.415,-8.4785,9.02,34.0,6.45,288.65,819.6915,0.0,0.24,0.0,0.2151
279,2000-10-06,703.903,918.598,180.14476,26.82,10.118,-7.785,8.94,25.0,2.7,109.2,820.914,0.0,0.315,0.0,0.2089
280,2000-10-07,673.878,856.8639999999998,178.85151000000005,25.47,9.715,-7.073,10.38,34.0,2.95,97.2,821.056,0.0,0.25,0.0,0.2147
281,2000-10-08,672.2489999999998,824.7489999999998,179.99213,26.63,10.434,-6.047999999999999,10.51,40.0,2.95,94.9,816.6189999999998,0.0,0.209,0.0,0.2136
282,2000-10-09,663.9359999999999,823.0575,179.570525,26.875,10.729,-4.827500000000001,11.38,55.0,3.2,98.4,815.9525000000001,0.0,0.2195,0.0,0.20915
283,2000-10-10,667.88,897.6389999999999,179.49267,23.4,9.73,-3.617,15.94,24.0,2.45,75.64,814.823,0.0,0.532,0.0,0.2111
284,2000-10-11,636.436,855.779,180.59685,21.01,8.544,-3.265,20.04,44.0,8.7,278.4,807.753,0.0,0.532,0.0,0.2171
285,2000-10-12,645.1220000000001,977.399,180.17138,20.535,7.272,-8.2005,12.684999999999999,21.0,8.45,277.85,816.493,0.0,0.2255,0.0,0.2199
286,2000-10-13,665.182,967.331,180.08233,19.38,7.661,-4.732,18.68,21.0,2.7,27.88,820.565,0.0,0.269,0.0,0.2094
287,2000-10-14,678.1155,903.748,179.99142999999998,25.36,10.169,-4.4575,13.2,31.0,4.2,125.9,812.3005,0.0,0.23349999999999999,0.0,0.21315
288,2000-10-15,567.71,679.8330000000002,179.56948,8.61,3.343,-2.611,44.43,38.0,2.2,77.77,822.138,0.0,0.532,0.0,0.2191
289,2000-10-16,586.313,644.73,179.96738,15.04,5.626,-4.631,22.95,54.0,2.7,133.6,817.3380000000002,0.0,0.264,0.0,0.2188
290,2000-10-17,309.181,9.61854,180.03201,19.36,7.687,-4.684,18.11,96.0,3.2,254.2,812.52,0.0,0.532,0.0,0.2075
291,2000-10-18,173.095,1.45662,180.09255,2.693,1.815,0.883,86.8,98.0,1.2,60.84,817.561,0.0,0.532,0.0,0.2006
292,2000-10-19,359.293,38.51605,179.988665,17.19,7.651,-0.6245,26.975,99.0,1.575,39.849999999999994,814.646,0.0,0.532,0.0,0.2082
293,2000-10-20,286.474,5.8758599999999985,179.56412,18.88,7.342,-5.254,18.41,99.0,2.95,128.0,813.79,0.0,0.142,0.0,0.2062
294,2000-10-21,567.553,485.099,180.56638,17.36,8.333,-0.389,29.87,94.0,2.45,79.3,811.3969999999998,0.0,0.235,0.0,0.2156
295,2000-10-22,74.74355,0.5777110000000001,179.50734999999997,1.2075,1.193,1.15,100.0,99.0,1.95,41.135,814.3375000000001,0.0,0.532,0.15,0.17985
296,2000-10-23,243.26749999999998,0.913477,182.6789,-3.2865,-4.125500000000001,-5.3469999999999995,85.3,98.0,1.45,142.14999999999998,823.0040000000001,0.0,0.2115,0.0,0.17395
297,2000-10-24,524.235,548.6619999999998,180.05973999999995,12.39,6.16,-0.265,41.71,67.0,2.7,69.48,808.987,0.508,0.256,0.0,0.209
298,2000-10-25,188.213,0.557959,180.40285,-10.94,-11.469,-12.963,82.8,98.0,3.95,22.23,819.029,0.0,0.532,0.0,0.5683
299,2000-10-26,428.9495,69.77520000000001,181.506055,-9.385000000000002,-10.5945,-13.905000000000001,67.045,95.0,1.7,57.215,819.4475000000001,3.81,10.045,0.0,0.78335
300,2000-10-27,623.198,1020.51,180.45525,4.947,-0.682,-10.544,34.25,6.0,2.45,140.2,817.1489999999999,0.0,7.107,0.0,0.6361
301,2000-10-28,573.5885000000001,962.966,180.01992,10.08,4.177,-2.4050000000000002,40.8,8.0,3.7,34.260000000000005,818.275,0.0,1.9815,0.0,0.2344
302,2000-10-29,570.159,984.297,180.49154,17.11,7.308,-2.67,25.09,13.0,2.2,116.3,819.216,0.0,0.379,0.0,0.2081
303,2000-10-30,573.106,998.1205,179.152515,17.255000000000003,6.608499999999999,-6.1345,19.56,14.0,2.7,111.94999999999999,818.8105,0.0,0.3605,0.0,0.21545
304,2000-10-31,547.9395,916.053,180.36242,14.2,5.62,-2.536,31.0,20.0,5.2,62.325,821.8,0.0,0.255,0.0,0.21995
305,2000-11-01,560.485,986.1675,179.47634,19.17,6.8325,-7.0605,16.064999999999998,16.0,3.2,102.9,826.445,0.0,0.4015,0.0,0.2192
306,2000-11-02,554.362,996.604,179.92505,21.56,7.657999999999999,-9.826,10.42,15.0,2.7,119.7,825.4739999999998,0.0,0.392,0.0,0.2197
307,2000-11-03,469.9865,792.0219999999999,179.48345,22.770000000000003,8.629,-7.667,12.370000000000001,56.0,2.2,106.75,819.635,0.0,0.2545,0.0,0.2148
308,2000-11-04,519.0304999999998,912.7585,179.48085,22.105,9.247,-3.2525,17.33,15.0,5.95,278.8,821.5615,0.0,0.277,0.0,0.22344999999999998
309,2000-11-05,531.707,960.206,180.49208,21.71,8.619,-6.3870000000000005,14.56,18.0,3.45,129.1,824.51,0.0,0.429,0.0,0.2241
310,2000-11-06,325.46700000000004,146.91750000000002,180.910255,20.12,7.2995,-8.6845,12.975,95.0,2.45,29.805,813.422,0.0,0.219,0.0,0.20675
311,2000-11-07,262.17400000000004,9.50499,180.45646,20.54,8.918,-2.037,21.57,94.0,4.2,205.5,805.6410000000002,0.0,0.161,0.0,0.19899999999999998
312,2000-11-08,525.684,986.955,179.57313,12.56,2.494,-12.711,13.81,13.0,3.95,227.9,803.332,0.0,0.262,0.0,0.2322
313,2000-11-09,59.3185,0.740647,183.2552,-0.7609999999999999,-1.193,-1.867,95.5,97.0,2.95,43.39,809.992,0.0,0.257,1.0,0.2145
314,2000-11-10,515.818,984.077,180.37391,5.212999999999999,-0.334,-10.295,30.47,11.0,4.2,261.6,807.342,5.08,2.477,0.0,0.2533
315,2000-11-11,509.674,984.61,180.33878,5.903,-0.999,-12.888,21.62,11.0,2.45,97.0,811.69,0.0,0.32299999999999995,0.0,0.2296
316,2000-11-12,502.1335,959.2725,179.59668,4.9345,-0.7235,-9.049,32.644999999999996,11.0,3.45,134.9,815.6705,0.0,0.402,0.0,0.2328
317,2000-11-13,505.062,975.6945,180.39745,14.26,3.3550000000000004,-13.410499999999999,11.565000000000001,15.0,4.7,256.29999999999995,810.7615000000001,0.0,0.2775,0.0,0.23685
318,2000-11-14,359.245,256.552,177.98083,2.218,-2.136,-8.736,40.35,72.0,9.2,282.4,808.709,0.0,0.208,0.0,0.2362
319,2000-11-15,476.2635,952.924,180.57823000000002,11.594999999999999,3.516,-6.621499999999999,24.765,14.0,3.575,242.60000000000002,816.492,0.0,0.305,0.0,0.23625000000000002
320,2000-11-16,458.75800000000004,765.1619999999999,180.52347,16.39,6.519500000000001,-4.827500000000001,22.01,40.0,2.2,111.94999999999999,823.0084999999999,0.0,0.2965,0.0,0.22685
321,2000-11-17,476.828,974.235,180.05223,19.89,6.982,-9.77,11.97,20.0,1.95,105.1,821.441,0.0,0.309,0.0,0.2361
322,2000-11-18,267.4945,78.42005,180.40407,19.16,7.310499999999999,-5.124,17.810000000000002,97.0,1.2,99.95,814.3140000000001,0.0,0.1945,0.0,0.20885
323,2000-11-19,452.427,931.1315,180.06626,14.78,6.6645,-2.0860000000000003,32.55,14.0,2.45,31.355,815.5435,0.0,0.3105,0.0,0.23585
324,2000-11-20,443.825,847.097,180.13584,8.55,1.786,-8.6,28.57,20.0,2.45,72.42,825.2710000000002,0.0,0.222,0.0,0.2334
325,2000-11-21,329.235,785.327,180.06571,5.431,0.069,-7.433,36.07,22.0,1.2,70.74,821.561,0.0,0.316,0.0,0.23800000000000002
326,2000-11-22,451.575,959.898,180.12777999999997,4.399,-1.7930000000000001,-12.706,23.14,12.0,2.325,120.8,823.9965000000001,0.0,0.342,0.0,0.2461
327,2000-11-23,433.635,825.682,180.05128000000002,13.27,5.3645000000000005,-3.3445,30.41,21.0,2.45,62.46,807.0189999999999,0.0,0.3215,0.0,0.24085
328,2000-11-24,214.941,2.15776,180.10622,-0.308,-1.939,-4.716,72.86,95.0,1.95,289.0,813.5239999999999,2.286,12.49,0.0,0.8921
329,2000-11-25,452.0630000000001,977.272,180.02365,8.54,2.893,-4.192,39.3,8.0,0.95,68.11,810.3789999999998,0.0,8.72,0.0,0.7226
330,2000-11-26,433.587,901.1195,180.071825,4.889999999999999,0.2,-6.288,41.935,10.0,2.45,129.8,814.698,0.0,6.506500000000001,0.0,0.6246
331,2000-11-27,441.753,954.6105,179.98350000000002,2.4365,-0.8140000000000001,-5.428,51.57,7.0,1.95,45.85,821.0675000000001,0.0,5.621499999999999,0.0,0.5579000000000001
332,2000-11-28,439.497,981.762,180.02528,11.94,2.938,-9.803,20.07,10.0,2.2,129.6,816.985,0.0,3.777,0.0,0.4876
333,2000-11-29,424.798,929.245,179.93151,2.437,-2.091,-9.684,37.0,10.0,2.45,93.5,827.132,0.0,0.388,0.0,0.4187
334,2000-11-30,438.8505,984.3135,179.967275,13.165,2.565,-15.2,10.73,11.0,2.2,130.5,817.9114999999999,0.0,0.4575,0.0,0.34035
335,2000-12-01,138.256,0.878917,182.2373,2.259,-1.8559999999999999,-7.9165,45.09,97.0,3.95,40.21,817.0424999999999,0.0,0.378,0.0,0.24555
336,2000-12-02,306.6275,514.2570000000001,180.02983,-2.2359999999999998,-5.812,-13.084,38.285,29.0,2.7,33.515,826.1485,0.0,0.358,0.0,0.28185
337,2000-12-03,425.869,980.137,180.05685,6.309,-1.228,-16.792,14.32,9.0,1.95,132.7,822.1669999999998,0.0,0.35600000000000004,0.0,0.2734
338,2000-12-04,414.373,959.2665,180.08118000000002,13.52,3.8195,-9.744499999999999,17.645,11.0,2.2,126.4,822.168,0.0,0.3005,0.0,0.24985000000000002
339,2000-12-05,411.46,955.09,180.10294,9.98,2.08,-9.452,22.74,10.0,2.45,143.0,825.591,0.0,0.434,0.0,0.2475
340,2000-12-06,415.27450000000005,974.975,180.12225999999998,13.935,3.4760000000000004,-12.946,12.85,12.0,2.45,123.15,820.921,0.0,0.371,0.0,0.2481
341,2000-12-07,416.759,988.576,180.009255,14.07,3.1985,-13.717500000000001,12.035,12.0,2.2,127.65,824.386,0.0,0.3355,0.0,0.2502
342,2000-12-08,404.147,917.442,180.02428,16.17,4.627,-10.727,13.25,17.0,1.95,128.7,821.3939999999999,0.0,0.294,0.0,0.2474
343,2000-12-09,417.22950000000003,1001.77,180.03724,15.97,4.2395,-16.119500000000002,8.105,12.0,1.95,113.75,817.407,0.0,0.2605,0.0,0.25185
344,2000-12-10,185.295,6.13753,180.04828,4.146,-1.034,-9.657,32.2,98.0,1.7,52.64,814.454,0.0,0.309,0.0,0.2048
345,2000-12-11,140.62150000000003,0.83941,181.34975500000002,-4.742,-5.285499999999999,-5.843,91.6,97.0,1.7,29.740000000000002,811.6309999999999,0.0,2.3675,1.0,0.6647
346,2000-12-12,143.13299999999998,1.254185,179.936115,-5.6675,-6.436999999999999,-7.878,83.7,97.0,0.7,18.060000000000002,809.2185,2.794,2.4745,0.0,0.6151
347,2000-12-13,390.74699999999996,936.7125,180.07141000000001,-0.335,-3.8129999999999997,-9.817499999999999,45.435,7.0,1.95,128.8,818.025,2.794,3.3280000000000003,0.0,0.7427999999999999
348,2000-12-14,254.777,52.0832,180.07634,0.205,-3.565,-10.63,40.2,96.0,2.45,28.74,810.047,0.0,3.352,0.0,0.6431
349,2000-12-15,341.309,603.925,179.95141999999996,-0.652,-3.614,-8.7,53.0,37.0,1.45,64.42,814.686,4.064,8.16,0.0,0.7807
350,2000-12-16,397.177,889.9989999999998,180.08302,4.092,-1.231,-9.954,32.45,20.0,4.7,284.0,814.4010000000002,0.0,0.601,0.0,0.605
351,2000-12-17,288.078,285.9770000000001,179.95655,8.45,1.395,-9.422,25.81,48.0,0.95,87.0,809.806,0.0,0.35600000000000004,0.0,0.3895
352,2000-12-18,103.886,0.957917,185.9869,0.136,-0.919,-1.649,88.3,96.0,1.2,165.6,816.738,1.27,0.532,1.0,0.7132
353,2000-12-19,225.926,737.6910000000003,180.08764,5.785500000000001,-0.317,-9.641,29.064999999999998,56.5,4.95,285.85,814.3005,0.0,0.4005,0.0,0.42865
354,2000-12-20,130.362,1.27886,182.27170999999998,10.11,2.7265,-7.2735,27.630000000000003,96.0,3.45,144.2,812.7860000000001,0.0,0.2995,0.0,0.2694
355,2000-12-21,224.08350000000002,49.90755,180.08895,11.239999999999998,4.3505,-3.438,34.45,67.0,7.7,275.05,817.1650000000001,0.0,0.457,0.0,0.2222
356,2000-12-22,391.598,955.6569999999999,179.961045,15.274999999999999,4.5915,-8.7705,15.37,12.0,4.075,257.1,803.5229999999999,0.0,0.532,0.0,0.24214999999999998
357,2000-12-23,275.017,412.789,180.09025,-3.919,-7.138999999999999,-14.657499999999999,37.53,32.0,3.95,108.94999999999999,817.3725,0.0,0.4025,0.0,0.23399999999999999
358,2000-12-24,378.47900000000004,841.5525,179.96269,9.35,1.329,-11.1615,20.16,14.0,6.45,277.4,819.8005,0.0,0.4505,0.0,0.24435
359,2000-12-25,398.685,961.458,179.96406000000005,14.06,3.653,-12.751,14.11,12.0,2.45,129.2,817.4119999999998,0.0,0.504,0.0,0.2476
360,2000-12-26,395.184,945.459,180.09467,14.62,3.64,-12.724,12.82,14.0,2.7,132.2,810.6139999999998,0.0,0.667,0.0,0.2399
361,2000-12-27,364.64,812.444,179.96856,5.155,-1.204,-12.259,23.57,13.0,5.7,271.3,813.8939999999999,0.0,0.505,0.0,0.2429
362,2000-12-28,70.0653,0.7604,182.6782,-2.877,-3.365,-3.953,92.1,97.0,2.2,44.51,816.998,0.0,0.429,0.0,0.2028
363,2000-12-29,284.446,278.398,179.97632,-0.495,-2.175,-4.689,70.7,52.0,1.7,119.7,810.091,5.8420000000000005,4.234,0.0,0.6909
364,2000-12-30,409.7845,964.615,179.98175500000002,3.8259999999999996,-1.8165,-12.943,22.055,8.0,1.825,95.65,815.4580000000001,0.0,3.584,0.0,0.57905
365,2000-12-31,379.734,884.337,179.47096000000005,4.717,-0.531,-8.996,34.29,10.0,1.2,23.56,811.8919999999998,0.0,2.824,0.0,0.4299
