,Global CMP22 (vent/cor) [W/m^2],Direct sNIP [W/m^2],Azimuth Angle [degrees],Tower Dry Bulb Temp [deg C],Tower Wet Bulb Temp [deg C],Tower Dew Point Temp [deg C],Tower RH [%],Total Cloud Cover [%],Peak Wind Speed @ 6ft [m/s],Avg Wind Direction @ 6ft [deg from N],Station Pressure [mBar],Precipitation (Accumulated) [mm],Snow Depth [cm],Moisture,Albedo (CMP11),DATE
10589,119.249,418.198,130.06849,4.05,-1.724,-11.824000000000002,27.0,8,1.45,287.1,809.0260000000002,0.0,0.185,0.0,0.2491,2000-01-08 08:29:00
10590,126.952,450.052,130.24983,4.117,-1.639,-11.439,27.82,10,3.2,265.7,809.0110000000002,0.0,0.048,0.0,0.2507,2000-01-08 08:30:00
10591,141.42600000000004,523.418,130.43158,3.908,-1.65,-10.95,29.5,11,2.45,278.8,809.0,0.0,0.532,0.0,0.2554,2000-01-08 08:31:00
10592,169.142,669.56,130.61373999999998,3.664,-1.838,-11.138,29.51,15,2.7,278.8,808.9739999999998,0.0,0.095,0.0,0.2631,2000-01-08 08:32:00
10593,183.328,737.699,130.79632,3.5610000000000004,-1.885,-11.185,29.6,17,3.2,281.0,808.947,0.0,0.134,0.0,0.2665,2000-01-08 08:33:00
10594,192.234,774.36,130.97931,3.553,-1.969,-11.469,28.87,17,2.7,280.4,808.914,0.0,0.196,0.0,0.2664,2000-01-08 08:34:00
10595,183.518,718.6,131.16272,3.626,-1.86,-11.16,29.53,16,2.2,295.5,808.9069999999998,0.0,0.119,0.0,0.2605,2000-01-08 08:35:00
10596,188.786,743.9110000000002,131.34654,3.655,-1.774,-11.074000000000002,29.7,15,2.7,292.4,808.9060000000002,0.0,0.13699999999999998,0.0,0.2623,2000-01-08 08:36:00
10597,193.285,759.362,131.53079,3.713,-1.786,-11.286,29.02,16,1.7,300.3,808.888,0.0,0.179,0.0,0.2613,2000-01-08 08:37:00
10598,196.105,768.597,131.71546,3.803,-1.735,-11.235,28.97,16,2.45,300.6,808.867,0.0,0.172,0.0,0.2619,2000-01-08 08:38:00
10599,201.695,790.154,131.90055,3.946,-1.6880000000000002,-11.188,28.8,16,1.7,295.1,808.855,0.0,0.224,0.0,0.2629,2000-01-08 08:39:00
10600,203.386,792.132,132.08607,4.158,-1.628,-11.328,28.02,13,1.7,297.2,808.8439999999998,0.0,0.26,0.0,0.262,2000-01-08 08:40:00
10601,199.025,760.554,132.27201000000002,4.398,-1.444,-11.244000000000002,27.76,12,1.95,294.5,808.834,0.0,0.243,0.0,0.2585,2000-01-08 08:41:00
10602,166.388,598.606,132.45838999999998,4.602,-1.256,-11.056,27.83,11,1.95,289.2,808.832,0.0,0.251,0.0,0.2513,2000-01-08 08:42:00
10603,200.801,763.9060000000002,132.64519,4.791,-1.2009999999999998,-11.001,27.6,13,1.95,287.5,808.85,0.0,0.232,0.0,0.2627,2000-01-08 08:43:00
10604,210.233,798.7489999999998,132.83243000000002,5.019,-1.011,-11.011,27.14,14,1.95,301.2,808.862,0.0,0.268,0.0,0.2616,2000-01-08 08:44:00
10605,212.313,801.4860000000001,133.0201,5.254,-0.887,-10.787,27.24,15,2.45,278.5,808.868,0.0,0.168,0.0,0.2613,2000-01-08 08:45:00
10606,214.663,804.512,133.20821,5.358,-0.872,-10.972,26.6,15,2.95,280.4,808.8660000000001,0.0,0.128,0.0,0.261,2000-01-08 08:46:00
10607,217.511,807.123,133.39675,5.372000000000001,-0.892,-11.092,26.29,13,3.2,284.5,808.87,0.0,0.11,0.0,0.2606,2000-01-08 08:47:00
10608,219.451,804.62,133.58574,5.351,-0.866,-11.066,26.39,12,3.7,284.5,808.89,0.0,0.1,0.0,0.2599,2000-01-08 08:48:00
10609,216.718,779.9780000000002,133.77516,5.317,-0.8370000000000001,-10.937,26.76,12,4.2,276.3,808.908,0.0,0.092,0.0,0.2584,2000-01-08 08:49:00
10610,210.951,742.15,133.96501999999998,5.254,-0.979,-11.179,26.3,13,3.95,280.8,808.9,0.0,0.112,0.0,0.2563,2000-01-08 08:50:00
10611,208.919,719.2689999999999,134.15533,5.172999999999999,-0.99,-11.09,26.66,12,3.7,269.9,808.923,0.0,0.147,0.0,0.256,2000-01-08 08:51:00
10612,187.382,609.9540000000002,134.34609,5.14,-1.012,-11.012,26.91,9,3.45,272.6,808.955,0.0,0.16399999999999998,0.0,0.2507,2000-01-08 08:52:00
10613,164.648,497.473,134.53728999999998,5.142,-1.048,-11.148,26.58,8,4.7,258.0,808.9730000000002,0.0,0.174,0.0,0.2442,2000-01-08 08:53:00
10614,157.121,459.605,134.72894,5.154,-1.078,-11.278,26.25,8,3.7,262.3,809.003,0.0,0.161,0.0,0.2431,2000-01-08 08:54:00
10615,183.899,561.066,134.92103,5.136,-1.077,-11.377,26.05,10,3.45,267.3,809.005,0.0,0.17600000000000002,0.0,0.2468,2000-01-08 08:55:00
10616,194.373,588.261,135.11358,5.152,-1.063,-11.463,25.82,12,3.7,281.6,808.966,0.0,0.156,0.0,0.2486,2000-01-08 08:56:00
10617,184.041,531.066,135.30658,5.144,-1.026,-11.425999999999998,25.92,12,3.45,293.9,808.938,0.0,0.16399999999999998,0.0,0.2452,2000-01-08 08:57:00
10618,170.562,461.382,135.50003999999998,5.143,-1.087,-11.487,25.78,13,2.7,292.0,808.945,0.0,0.16399999999999998,0.0,0.2415,2000-01-08 08:58:00
10619,136.743,312.574,135.69395,5.193,-1.036,-11.436,25.81,11,3.7,287.4,808.9580000000002,0.0,0.162,0.0,0.2308,2000-01-08 08:59:00
10620,105.331,177.518,135.88831000000002,5.235,-0.982,-11.382,25.86,10,2.95,298.8,808.961,0.0,0.177,0.0,0.2151,2000-01-08 09:00:00
10621,98.4039,142.628,136.08314,5.2429999999999986,-1.058,-11.658,25.21,10,3.45,297.3,808.952,0.0,0.241,0.0,0.2099,2000-01-08 09:01:00
10622,112.579,192.335,136.27841999999998,5.2879999999999985,-1.031,-11.431,25.65,12,2.7,290.0,808.92,0.0,0.15,0.0,0.2159,2000-01-08 09:02:00
10623,135.26,273.455,136.47417,5.295,-1.0659999999999998,-11.666,25.1,12,2.7,284.3,808.8919999999998,0.0,0.153,0.0,0.2185,2000-01-08 09:03:00
10624,96.7523,120.561,136.67037,5.292000000000002,-1.042,-11.642,25.16,13,2.45,286.0,808.855,0.0,0.149,0.0,0.2001,2000-01-08 09:04:00
10625,69.9234,28.1298,136.86704,5.2639999999999985,-0.994,-11.594,25.32,13,2.45,283.3,808.798,0.0,0.13,0.0,0.1804,2000-01-08 09:05:00
10626,67.41,24.5295,137.06417,5.188,-1.048,-11.648,25.33,13,2.45,275.3,808.73,0.0,0.14800000000000002,0.0,0.1775,2000-01-08 09:06:00
10627,64.5576,18.6791,137.26176999999998,5.127000000000002,-1.173,-11.673,25.38,11,2.45,274.9,808.666,0.0,0.188,0.0,0.1734,2000-01-08 09:07:00
10628,61.9926,14.3518,137.45984,5.075,-1.157,-11.657,25.51,11,2.45,267.2,808.6089999999998,0.0,0.18,0.0,0.1718,2000-01-08 09:08:00
10629,69.3332,44.7318,137.65837,5.001,-1.1840000000000002,-11.684,25.58,9,2.7,274.2,808.563,0.0,0.162,0.0,0.1824,2000-01-08 09:09:00
10630,137.559,304.65,137.85737,4.898,-1.243,-11.643,25.86,8,2.45,274.4,808.5239999999999,0.0,0.146,0.0,0.2231,2000-01-08 09:10:00
10631,206.85,549.888,138.05684,4.856,-1.232,-11.632,25.96,10,2.2,281.5,808.47,0.0,0.17600000000000002,0.0,0.24100000000000002,2000-01-08 09:11:00
10632,219.953,598.443,138.25678,4.859,-1.3159999999999998,-11.716,25.76,9,2.2,289.0,808.429,0.0,0.236,0.0,0.2413,2000-01-08 09:12:00
10633,214.975,573.9780000000002,138.4572,4.964,-1.269,-11.769,25.45,10,1.7,280.9,808.403,0.0,0.277,0.0,0.2355,2000-01-08 09:13:00
10634,198.55900000000003,520.217,138.65809,5.099,-1.178,-11.778,25.19,7,1.2,270.9,808.3969999999998,0.0,0.32,0.0,0.2318,2000-01-08 09:14:00
10635,234.012,649.043,138.85945,5.269,-0.985,-11.585,25.33,7,0.0,0.0,808.368,0.0,0.301,0.0,0.2364,2000-01-08 09:15:00
10636,258.038,736.826,139.06128,5.462999999999999,-0.912,-11.612,24.93,8,1.2,269.9,808.3580000000002,0.0,0.285,0.0,0.24100000000000002,2000-01-08 09:16:00
10637,284.466,823.84,139.2636,5.654,-0.847,-11.447,24.97,10,0.95,241.4,808.3639999999998,0.0,0.331,0.0,0.2424,2000-01-08 09:17:00
10638,294.5,856.194,139.46639,5.912000000000001,-0.527,-11.027,25.47,8,0.95,223.8,808.363,0.0,0.301,0.0,0.2431,2000-01-08 09:18:00
10639,288.809,828.837,139.66966000000002,6.207000000000002,-0.364,-10.664,25.78,9,0.95,222.3,808.355,0.0,0.126,0.0,0.2426,2000-01-08 09:19:00
10640,280.107,797.773,139.8734,6.3660000000000005,-0.276,-10.876,25.02,8,1.45,220.2,808.328,0.0,0.023,0.0,0.2421,2000-01-08 09:20:00
10641,287.403,818.707,140.07763,6.3660000000000005,-0.289,-10.889,24.99,9,1.7,237.4,808.299,0.0,0.532,0.0,0.2417,2000-01-08 09:21:00
10642,288.772,819.275,140.28233,6.311,-0.336,-10.736,25.43,9,1.95,240.1,808.295,0.0,0.0,0.0,0.2413,2000-01-08 09:22:00
10643,298.021,848.11,140.48752,6.254,-0.319,-10.719,25.57,8,1.45,259.4,808.2689999999999,0.0,0.079,0.0,0.2417,2000-01-08 09:23:00
10644,290.835,816.413,140.69319,6.2570000000000014,-0.445,-11.045,24.83,8,1.7,239.2,808.22,0.0,0.155,0.0,0.2402,2000-01-08 09:24:00
10645,296.967,833.465,140.89935,6.3370000000000015,-0.469,-11.469,23.77,7,1.95,245.0,808.2130000000002,0.0,0.156,0.0,0.2405,2000-01-08 09:25:00
10646,311.766,875.9960000000002,141.10598000000005,6.472,-0.319,-11.019,24.52,8,1.45,223.2,808.25,0.0,0.21600000000000005,0.0,0.2415,2000-01-08 09:26:00
10647,306.94,852.5269999999998,141.3131,6.682,-0.112,-10.812,24.62,9,2.2,228.3,808.302,0.0,0.121,0.0,0.2406,2000-01-08 09:27:00
10648,302.172,829.967,141.52071,6.76,-0.091,-10.991,24.1,9,1.95,236.1,808.326,0.0,0.118,0.0,0.2393,2000-01-08 09:28:00
10649,308.798,845.831,141.7288,6.815,-0.107,-11.107,23.76,8,1.95,254.3,808.331,0.0,0.231,0.0,0.2396,2000-01-08 09:29:00
10650,323.941,889.3810000000002,141.93737,6.941,-0.068,-11.368,23.01,8,2.2,263.5,808.31,0.0,0.202,0.0,0.2405,2000-01-08 09:30:00
10651,331.903,907.902,142.14643999999996,7.0360000000000005,-0.133,-11.733,22.12,8,2.95,266.7,808.2760000000002,0.0,0.124,0.0,0.2406,2000-01-08 09:31:00
10652,328.798,892.435,142.35598000000005,6.981,-0.086,-11.586,22.5,9,2.7,262.0,808.27,0.0,0.177,0.0,0.2404,2000-01-08 09:32:00
10653,334.8930000000001,905.461,142.56602,6.9689999999999985,-0.209,-11.709,22.27,9,2.2,265.0,808.2719999999998,0.0,0.205,0.0,0.2394,2000-01-08 09:33:00
10654,339.548,912.255,142.77653999999995,7.05,-0.153,-11.653,22.26,9,2.2,262.7,808.295,0.0,0.166,0.0,0.2393,2000-01-08 09:34:00
10655,342.5619999999999,906.582,142.98755,7.126,-0.172,-12.172,21.13,9,1.95,249.9,808.2869999999998,0.0,0.108,0.0,0.2375,2000-01-08 09:35:00
10656,261.579,655.451,143.19906,7.17,-0.07400000000000001,-11.874,21.64,8,1.45,225.7,808.278,0.0,0.184,0.0,0.2311,2000-01-08 09:36:00
10657,327.448,859.5269999999998,143.41104,7.278,-0.041,-11.741,21.74,8,1.45,231.2,808.268,0.0,0.108,0.0,0.2377,2000-01-08 09:37:00
10658,342.01199999999994,896.181,143.62351999999996,7.377000000000002,0.054000000000000006,-11.646,21.78,8,1.7,238.7,808.2489999999998,0.0,0.196,0.0,0.2368,2000-01-08 09:38:00
10659,328.526,850.585,143.83649,7.558,0.158,-11.442,21.91,10,0.95,217.0,808.216,0.0,0.225,0.0,0.2347,2000-01-08 09:39:00
10660,332.16,859.0239999999999,144.04995,7.803,0.34600000000000003,-11.654000000000002,21.14,9,0.95,204.6,808.171,0.0,0.097,0.0,0.2347,2000-01-08 09:40:00
10661,340.28,877.378,144.26389,7.951,0.384,-11.716,20.81,9,0.0,0.0,808.143,0.0,0.027000000000000003,0.0,0.235,2000-01-08 09:41:00
10662,327.237,838.895,144.47833,8.11,0.331,-12.069,19.94,6,0.95,251.4,808.105,0.0,0.532,0.0,0.23399999999999999,2000-01-08 09:42:00
10663,327.045,833.623,144.69325,8.17,0.426,-12.074000000000002,19.85,6,0.0,0.0,808.081,0.0,0.08199999999999999,0.0,0.2326,2000-01-08 09:43:00
10664,343.466,886.4060000000002,144.90867,8.24,0.495,-12.005,19.88,6,0.0,0.0,808.0419999999998,0.0,0.14300000000000002,0.0,0.23399999999999999,2000-01-08 09:44:00
10665,358.741,927.675,145.12457,8.46,0.616,-11.884,19.8,8,0.0,0.0,808.015,0.0,0.106,0.0,0.23399999999999999,2000-01-08 09:45:00
10666,360.58,929.732,145.34097,8.78,0.8390000000000001,-11.661,19.77,8,0.0,0.0,808.0060000000002,0.0,0.149,0.0,0.2337,2000-01-08 09:46:00
10667,361.934,931.007,145.55785,9.09,0.926,-11.974,18.82,8,1.2,165.3,808.005,0.0,0.269,0.0,0.2335,2000-01-08 09:47:00
10668,363.768,932.46,145.77523,9.21,0.957,-11.943,18.72,7,1.45,162.1,807.9860000000001,0.0,0.114,0.0,0.2331,2000-01-08 09:48:00
10669,365.589,932.899,145.99309,9.28,1.003,-12.197,18.21,9,0.7,181.9,807.959,0.0,0.042,0.0,0.233,2000-01-08 09:49:00
10670,367.768,934.026,146.21145,9.41,1.106,-11.794,18.72,8,0.0,0.0,807.91,0.0,0.532,0.0,0.2327,2000-01-08 09:50:00
10671,369.7,935.235,146.43029,9.55,1.167,-11.833,18.48,7,1.45,112.4,807.872,0.0,0.14400000000000002,0.0,0.2326,2000-01-08 09:51:00
10672,371.666,937.025,146.64962,9.67,1.186,-12.214,17.71,8,1.2,95.7,807.867,0.0,0.532,0.0,0.2324,2000-01-08 09:52:00
10673,373.904,938.444,146.86944,9.9,1.276,-12.424,17.11,8,0.0,0.0,807.8960000000002,0.0,0.532,0.0,0.2316,2000-01-08 09:53:00
10674,376.091,940.038,147.08975,10.14,1.469,-12.130999999999998,17.29,8,0.45,214.2,807.927,0.0,0.532,0.0,0.231,2000-01-08 09:54:00
10675,378.199,940.97,147.31055,10.27,1.5490000000000002,-12.151,17.11,11,1.2,242.5,807.934,0.0,0.532,0.0,0.2308,2000-01-08 09:55:00
10676,379.922,942.092,147.53183,10.26,1.5,-12.1,17.2,12,1.2,241.6,807.935,0.0,0.532,0.0,0.2309,2000-01-08 09:56:00
10677,382.36300000000006,944.4,147.7536,10.14,1.392,-12.208,17.17,10,1.45,249.5,807.9169999999998,0.0,0.532,0.0,0.2304,2000-01-08 09:57:00
10678,384.213,944.813,147.97586,10.09,1.445,-12.155,17.31,10,0.0,0.0,807.914,0.0,0.532,0.0,0.2297,2000-01-08 09:58:00
10679,385.607,944.53,148.1986,10.31,1.585,-12.115,17.12,11,0.0,0.0,807.915,0.0,0.532,0.0,0.2292,2000-01-08 09:59:00
10680,386.917,944.083,148.42183,10.5,1.7180000000000002,-11.782,17.42,11,0.0,0.0,807.941,0.0,0.532,0.0,0.22899999999999998,2000-01-08 10:00:00
10681,388.259,943.85,148.64553999999995,10.67,1.921,-11.379,17.86,10,1.2,231.1,807.941,0.0,0.532,0.0,0.2286,2000-01-08 10:01:00
10682,390.242,944.987,148.86973,10.69,1.795,-11.905,17.01,10,1.7,252.4,807.922,0.0,0.532,0.0,0.2292,2000-01-08 10:02:00
10683,392.372,946.925,149.09441,10.59,1.7819999999999998,-11.818,17.26,10,0.0,0.0,807.845,0.0,0.532,0.0,0.2285,2000-01-08 10:03:00
10684,394.592,949.338,149.31957,10.64,1.7180000000000002,-11.982,16.95,10,1.2,7.218,807.7539999999998,0.0,0.532,0.0,0.2279,2000-01-08 10:04:00
10685,396.902,951.856,149.54521,10.57,1.69,-11.91,17.14,12,1.7,16.59,807.687,0.0,0.532,0.0,0.2278,2000-01-08 10:05:00
10686,399.043,952.29,149.77133,10.33,1.6369999999999998,-11.863,17.49,12,1.7,17.44,807.679,0.0,0.023,0.0,0.22699999999999998,2000-01-08 10:06:00
10687,401.564,952.4,149.99794,10.28,1.663,-11.337,18.4,12,2.2,25.05,807.71,0.0,0.101,0.0,0.2266,2000-01-08 10:07:00
10688,372.686,868.802,150.22502,10.26,1.895,-10.405,20.03,10,2.45,26.07,807.7230000000002,0.0,0.059,0.0,0.2246,2000-01-08 10:08:00
10689,400.468,940.398,150.45257,10.22,1.785,-10.615,19.71,9,1.45,20.61,807.7489999999998,0.0,0.083,0.0,0.2264,2000-01-08 10:09:00
10690,405.087,946.994,150.68061,10.33,1.873,-10.727,19.37,12,0.95,67.21,807.747,0.0,0.17,0.0,0.2252,2000-01-08 10:10:00
10691,406.427,947.24,150.90912,10.56,1.963,-10.637,19.23,14,1.7,224.6,807.745,0.0,0.532,0.0,0.2252,2000-01-08 10:11:00
10692,408.417,949.258,151.1381,10.61,1.898,-11.202,18.22,14,1.7,236.0,807.742,0.0,0.532,0.0,0.2252,2000-01-08 10:12:00
10693,410.003,950.477,151.36755,10.56,1.922,-10.878,18.82,11,0.7,226.8,807.737,0.0,0.061,0.0,0.2249,2000-01-08 10:13:00
10694,412.309,953.409,151.59748000000005,10.57,2.0580000000000003,-10.342,19.73,10,1.2,185.4,807.7289999999998,0.0,0.156,0.0,0.2247,2000-01-08 10:14:00
10695,414.328,954.748,151.82788,10.7,2.112,-10.188,19.83,10,1.95,152.6,807.688,0.0,0.156,0.0,0.2248,2000-01-08 10:15:00
10696,410.771,940.455,152.05874,10.69,2.089,-10.511,19.28,12,2.45,140.6,807.6110000000001,0.0,0.532,0.0,0.22399999999999998,2000-01-08 10:16:00
10697,417.136,954.415,152.29007,10.49,2.001,-10.199,20.09,10,3.2,114.5,807.5239999999999,0.0,0.149,0.0,0.2247,2000-01-08 10:17:00
10698,421.2480000000001,958.658,152.52187,10.26,1.845,-10.455,19.94,8,3.45,122.2,807.4639999999998,0.0,0.086,0.0,0.2247,2000-01-08 10:18:00
10699,423.668,959.621,152.75413,10.05,1.7519999999999998,-10.248,20.6,11,2.95,111.3,807.433,0.0,0.328,0.0,0.2241,2000-01-08 10:19:00
10700,425.912,960.6,152.98686,9.96,1.686,-10.414,20.42,13,2.7,119.5,807.426,0.0,0.297,0.0,0.2236,2000-01-08 10:20:00
10701,427.14,959.912,153.22003999999995,9.95,1.7519999999999998,-10.048,21.11,13,2.2,122.1,807.431,0.0,0.478,0.0,0.223,2000-01-08 10:21:00
10702,428.482,959.328,153.45369,10.09,1.706,-10.594,19.92,12,2.45,121.3,807.442,0.0,0.202,0.0,0.2234,2000-01-08 10:22:00
10703,430.3130000000001,960.461,153.68778999999995,10.12,1.779,-10.321,20.37,12,1.7,144.5,807.451,0.0,0.373,0.0,0.223,2000-01-08 10:23:00
10704,431.731,961.232,153.92234,10.26,1.832,-10.568,19.74,13,1.7,167.1,807.445,0.0,0.263,0.0,0.2229,2000-01-08 10:24:00
10705,432.901,961.158,154.15735,10.38,2.033,-9.967,20.66,12,2.2,149.8,807.443,0.0,0.312,0.0,0.2228,2000-01-08 10:25:00
10706,433.891,960.143,154.39282,10.59,2.047,-10.453,19.51,13,1.7,155.1,807.418,0.0,0.319,0.0,0.2231,2000-01-08 10:26:00
10707,435.125,960.41,154.62873000000005,10.67,2.087,-10.313,19.65,14,1.95,147.6,807.4060000000002,0.0,0.3,0.0,0.2233,2000-01-08 10:27:00
10708,436.942,961.968,154.86508999999995,10.69,2.073,-10.627,19.08,15,2.45,151.7,807.3580000000002,0.0,0.226,0.0,0.2232,2000-01-08 10:28:00
10709,439.228,964.505,155.1019,10.6,2.045,-10.555,19.32,13,2.45,125.5,807.294,0.0,0.247,0.0,0.2231,2000-01-08 10:29:00
10710,441.38,966.861,155.33914,10.45,1.903,-10.597,19.44,13,2.2,126.2,807.25,0.0,0.331,0.0,0.2233,2000-01-08 10:30:00
10711,443.744,968.109,155.57683,10.4,1.865,-10.635,19.44,12,2.7,108.8,807.25,0.0,0.354,0.0,0.223,2000-01-08 10:31:00
10712,444.975,967.936,155.81496,10.42,1.789,-10.911,18.94,12,1.7,89.0,807.301,0.0,0.236,0.0,0.2228,2000-01-08 10:32:00
10713,445.265,966.148,156.05353,10.59,1.885,-10.915,18.72,10,1.2,105.7,807.365,0.0,0.095,0.0,0.2229,2000-01-08 10:33:00
10714,446.712,967.441,156.29253,10.66,1.905,-11.195,18.17,10,1.2,245.9,807.409,0.0,0.008,0.0,0.2228,2000-01-08 10:34:00
10715,447.751,967.682,156.53196,10.56,1.88,-11.22,18.25,10,1.2,197.4,807.422,0.0,0.16899999999999998,0.0,0.2225,2000-01-08 10:35:00
10716,449.30300000000005,969.218,156.77183,10.48,1.805,-11.195,18.39,10,1.7,238.6,807.3810000000002,0.0,0.532,0.0,0.2224,2000-01-08 10:36:00
10717,451.152,972.46,157.01211,10.47,1.84,-11.16,18.46,9,0.0,0.0,807.293,0.0,0.532,0.0,0.2216,2000-01-08 10:37:00
10718,452.985,975.21,157.25283000000005,10.67,1.927,-10.873,18.69,8,2.2,51.58,807.168,0.0,0.097,0.0,0.2214,2000-01-08 10:38:00
10719,454.431,976.014,157.49396000000004,10.91,2.094,-10.906,18.34,9,2.95,96.1,807.085,0.0,0.247,0.0,0.2224,2000-01-08 10:39:00
10720,456.416,977.1,157.73552,11.06,2.132,-10.868,18.22,7,1.7,98.6,807.085,0.0,0.181,0.0,0.2222,2000-01-08 10:40:00
10721,457.63,976.593,157.97749,11.09,2.119,-11.181,17.68,7,0.0,0.0,807.0989999999998,0.0,0.532,0.0,0.2217,2000-01-08 10:41:00
10722,458.755,977.136,158.21987,11.21,2.314,-10.586,18.5,9,1.7,155.4,807.107,0.0,0.258,0.0,0.2215,2000-01-08 10:42:00
10723,460.237,977.668,158.46267,11.42,2.418,-10.582,18.25,9,1.45,166.8,807.1060000000001,0.0,0.184,0.0,0.2216,2000-01-08 10:43:00
10724,461.635,977.686,158.70587,11.56,2.482,-10.808,17.72,7,2.2,139.6,807.0939999999998,0.0,0.382,0.0,0.2219,2000-01-08 10:44:00
10725,462.509,977.328,158.94948,11.52,2.461,-10.539,18.2,5,1.7,154.0,807.075,0.0,0.248,0.0,0.2221,2000-01-08 10:45:00
10726,464.05300000000005,978.194,159.19349,11.54,2.376,-10.924,17.56,5,2.45,157.5,807.04,0.0,0.217,0.0,0.2221,2000-01-08 10:46:00
10727,465.764,979.029,159.4379,11.5,2.363,-11.237,17.12,7,2.2,131.6,807.041,0.0,0.079,0.0,0.2222,2000-01-08 10:47:00
10728,467.203,978.078,159.6827,11.31,2.184,-11.416,17.06,7,1.95,122.4,807.062,0.0,0.052000000000000005,0.0,0.2221,2000-01-08 10:48:00
10729,468.216,976.946,159.9279,11.14,2.225,-10.975,17.95,7,2.7,122.4,807.045,0.0,0.264,0.0,0.2215,2000-01-08 10:49:00
10730,469.534,977.905,160.17348,11.05,2.258,-10.632,18.62,8,2.45,138.5,807.01,0.0,0.33,0.0,0.2214,2000-01-08 10:50:00
10731,471.149,978.74,160.41946000000004,10.94,2.068,-10.932,18.26,10,2.95,130.4,806.937,0.0,0.381,0.0,0.2212,2000-01-08 10:51:00
10732,473.163,980.126,160.66581000000005,10.86,2.204,-10.396,19.26,10,3.45,129.4,806.883,0.0,0.457,0.0,0.2211,2000-01-08 10:52:00
10733,475.166,981.607,160.91253999999995,10.85,2.127,-10.573,18.97,10,3.2,126.1,806.878,0.0,0.422,0.0,0.2212,2000-01-08 10:53:00
10734,476.692,982.581,161.15965,10.86,2.12,-10.78,18.61,13,2.95,124.5,806.8510000000001,0.0,0.37,0.0,0.2211,2000-01-08 10:54:00
10735,476.462,979.233,161.40713,10.84,2.012,-10.988,18.29,15,2.95,113.6,806.818,0.0,0.293,0.0,0.2214,2000-01-08 10:55:00
10736,479.0630000000001,983.219,161.65498,10.8,2.142,-10.458,19.23,12,2.2,110.8,806.799,0.0,0.597,0.0,0.2208,2000-01-08 10:56:00
10737,478.889,980.484,161.9032,11.01,2.204,-10.595999999999998,18.73,10,1.7,149.1,806.784,0.0,0.452,0.0,0.2208,2000-01-08 10:57:00
10738,481.002,984.136,162.15177,11.21,2.277,-10.923,17.95,10,1.7,129.9,806.7869999999998,0.0,0.299,0.0,0.221,2000-01-08 10:58:00
10739,482.085,984.989,162.40071,11.3,2.255,-11.045,17.65,9,0.95,95.1,806.793,0.0,0.151,0.0,0.2212,2000-01-08 10:59:00
10740,482.059,983.211,162.65,11.47,2.4,-10.9,17.68,9,0.0,0.0,806.832,0.0,0.081,0.0,0.2209,2000-01-08 11:00:00
10741,481.968,981.442,162.89963,11.76,2.513,-10.987,17.21,12,0.0,0.0,806.842,0.0,0.005,0.0,0.2211,2000-01-08 11:01:00
10742,483.892,984.96,163.14962,11.98,2.56,-11.14,16.73,14,0.7,142.5,806.837,0.0,0.101,0.0,0.2208,2000-01-08 11:02:00
10743,484.827,986.148,163.39995,12.13,2.7030000000000003,-10.997,16.78,13,1.45,234.8,806.77,0.0,0.532,0.0,0.2211,2000-01-08 11:03:00
10744,484.757,983.845,163.65061,12.14,2.739,-10.661,17.28,10,1.7,149.5,806.672,0.0,0.177,0.0,0.2206,2000-01-08 11:04:00
10745,487.6230000000001,988.165,163.90161,12.23,2.802,-10.498,17.43,9,2.95,133.4,806.578,0.0,0.35,0.0,0.2209,2000-01-08 11:05:00
10746,489.247,989.219,164.15294,12.13,2.727,-10.773,17.12,9,2.7,149.3,806.513,0.0,0.225,0.0,0.2211,2000-01-08 11:06:00
10747,490.648,989.444,164.4046,11.93,2.67,-10.63,17.57,9,2.95,147.1,806.471,0.0,0.271,0.0,0.221,2000-01-08 11:07:00
10748,491.866,988.308,164.65657,11.85,2.656,-10.344,18.12,8,3.2,155.7,806.465,0.0,0.469,0.0,0.2206,2000-01-08 11:08:00
10749,492.712,987.448,164.90887,12.02,2.774,-10.126,18.27,10,2.2,173.7,806.4780000000002,0.0,0.472,0.0,0.2205,2000-01-08 11:09:00
10750,494.405,988.751,165.16147,12.19,2.832,-10.368,17.68,11,1.95,185.2,806.4780000000002,0.0,0.366,0.0,0.2207,2000-01-08 11:10:00
10751,495.4380000000001,989.358,165.41439,12.17,2.758,-10.842,16.97,12,1.95,188.6,806.4739999999998,0.0,0.18600000000000005,0.0,0.2211,2000-01-08 11:11:00
10752,496.527,990.41,165.66761,12.04,2.747,-10.353,17.88,13,1.7,161.7,806.451,0.0,0.365,0.0,0.2207,2000-01-08 11:12:00
10753,497.74,991.549,165.92113,12.24,2.938,-10.262,17.79,15,2.2,133.5,806.404,0.0,0.294,0.0,0.2206,2000-01-08 11:13:00
10754,499.142,993.412,166.17495,12.37,2.886,-10.414,17.4,15,2.7,142.6,806.3539999999998,0.0,0.324,0.0,0.2209,2000-01-08 11:14:00
10755,491.283,973.179,166.42906000000005,12.43,2.8960000000000004,-10.604,17.04,13,2.2,124.5,806.302,0.0,0.214,0.0,0.2196,2000-01-08 11:15:00
10756,494.73,984.027,166.68346,12.4,2.8280000000000003,-10.872,16.67,12,1.7,127.3,806.2669999999998,0.0,0.113,0.0,0.2206,2000-01-08 11:16:00
10757,501.283,995.667,166.93813,12.3,2.766,-11.134,16.39,12,0.7,128.6,806.245,0.0,0.222,0.0,0.22,2000-01-08 11:17:00
10758,502.164,996.452,167.19308999999996,12.42,2.901,-10.599,17.06,12,2.2,108.6,806.193,0.0,0.411,0.0,0.22,2000-01-08 11:18:00
10759,502.644,995.971,167.44831000000005,12.57,2.884,-10.916,16.42,11,1.95,157.9,806.177,0.0,0.227,0.0,0.22,2000-01-08 11:19:00
10760,503.249,995.376,167.70381,12.52,2.8560000000000003,-11.144,16.14,10,2.2,129.2,806.15,0.0,0.263,0.0,0.2205,2000-01-08 11:20:00
10761,504.119,994.906,167.95957,12.31,2.773,-11.127,16.39,9,1.95,110.7,806.125,0.0,0.318,0.0,0.2202,2000-01-08 11:21:00
10762,505.42800000000005,996.091,168.21558000000005,12.29,2.6910000000000003,-11.409,16.0,10,3.2,110.8,806.061,0.0,0.336,0.0,0.2201,2000-01-08 11:22:00
10763,506.62,987.512,168.47185,12.28,2.628,-11.472,15.92,9,2.45,119.9,806.0169999999998,0.0,0.476,0.0,0.2202,2000-01-08 11:23:00
10764,503.561,997.819,168.72836999999996,12.3,2.63,-11.57,15.76,9,3.2,126.9,805.9760000000001,0.0,0.468,0.0,0.2218,2000-01-08 11:24:00
10765,487.216,997.786,168.98513,12.26,2.69,-11.41,16.03,8,3.95,129.3,805.91,0.0,0.585,0.0,0.2302,2000-01-08 11:25:00
10766,511.328,998.096,169.24213,12.25,2.651,-11.349,16.13,14,3.7,129.9,805.8760000000002,0.0,0.5820000000000001,0.0,0.2195,2000-01-08 11:26:00
10767,511.085,995.948,169.49936,12.36,2.753,-11.247,16.16,9,3.45,135.9,805.865,0.0,0.593,0.0,0.2196,2000-01-08 11:27:00
10768,511.758,995.635,169.75682,12.41,2.765,-11.135,16.27,8,2.45,173.1,805.8439999999998,0.0,0.503,0.0,0.2196,2000-01-08 11:28:00
10769,512.931,997.33,170.01451,12.57,2.9410000000000003,-11.059,16.21,8,2.7,139.1,805.831,0.0,0.477,0.0,0.2197,2000-01-08 11:29:00
10770,513.113,997.342,170.27241,12.68,2.906,-11.194,15.9,9,2.7,183.0,805.82,0.0,0.463,0.0,0.2198,2000-01-08 11:30:00
10771,513.371,997.151,170.53053,12.79,3.057,-10.843,16.29,10,1.95,174.8,805.802,0.0,0.504,0.0,0.2196,2000-01-08 11:31:00
10772,513.279,995.613,170.78885,12.92,3.005,-11.195,15.65,10,2.2,189.5,805.794,0.0,0.35700000000000004,0.0,0.22,2000-01-08 11:32:00
10773,513.505,995.908,171.04737,12.96,3.192,-10.508,16.6,10,2.7,131.7,805.7739999999999,0.0,0.512,0.0,0.2166,2000-01-08 11:33:00
10774,514.3380000000002,997.794,171.3061,13.18,3.1860000000000004,-10.914,15.78,10,3.2,167.7,805.778,0.0,0.552,0.0,0.2201,2000-01-08 11:34:00
10775,514.9580000000002,998.586,171.56501,13.26,3.294,-10.806,15.85,8,1.7,167.1,805.755,0.0,0.468,0.0,0.2203,2000-01-08 11:35:00
10776,515.4069999999998,997.899,171.82411000000005,13.42,3.314,-11.186,15.16,10,1.45,177.2,805.702,0.0,0.314,0.0,0.2204,2000-01-08 11:36:00
10777,515.812,997.479,172.08338999999995,13.55,3.442,-10.758,15.62,10,2.45,168.2,805.6569999999998,0.0,0.433,0.0,0.2203,2000-01-08 11:37:00
10778,516.96,997.944,172.34285,13.71,3.5580000000000003,-10.742,15.48,11,3.45,153.0,805.6,0.0,0.407,0.0,0.2203,2000-01-08 11:38:00
10779,501.886,959.11,172.60248,13.58,3.4560000000000004,-10.644,15.75,11,2.7,165.6,805.567,0.0,0.405,0.0,0.2185,2000-01-08 11:39:00
10780,473.436,898.826,172.86227,13.57,3.513,-10.287,16.27,8,2.7,141.6,805.5310000000002,0.0,0.551,0.0,0.2186,2000-01-08 11:40:00
10781,482.669,917.869,173.12222,13.6,3.477,-10.523,15.9,8,2.95,160.0,805.5,0.0,0.309,0.0,0.2206,2000-01-08 11:41:00
10782,502.449,953.417,173.38232,13.41,3.42,-10.48,16.16,12,3.95,128.7,805.448,0.0,0.336,0.0,0.2188,2000-01-08 11:42:00
10783,489.654,926.146,173.64257,13.04,3.239,-10.661,16.29,10,4.2,135.1,805.431,0.0,0.401,0.0,0.2189,2000-01-08 11:43:00
10784,517.9019999999998,986.165,173.90296,12.76,3.093,-10.507,16.82,11,3.95,136.5,805.418,0.0,0.475,0.0,0.2197,2000-01-08 11:44:00
10785,503.278,953.11,174.1635,12.7,3.127,-10.373,17.09,13,3.2,134.8,805.432,0.0,0.602,0.0,0.2186,2000-01-08 11:45:00
10786,512.771,973.807,174.42416,12.7,3.092,-10.308,17.19,14,2.95,140.9,805.438,0.0,0.489,0.0,0.21899999999999997,2000-01-08 11:46:00
10787,522.158,992.392,174.68493999999995,12.76,3.153,-10.147,17.37,14,2.7,137.1,805.442,0.0,0.602,0.0,0.2189,2000-01-08 11:47:00
10788,518.244,984.914,174.94585,13.04,3.285,-10.315,16.8,15,2.7,162.3,805.408,0.0,0.468,0.0,0.21899999999999997,2000-01-08 11:48:00
10789,523.297,994.938,175.20687,13.14,3.315,-10.485,16.44,14,1.95,158.6,805.3689999999998,0.0,0.507,0.0,0.2194,2000-01-08 11:49:00
10790,522.715,993.209,175.468,13.17,3.383,-10.307,16.67,14,2.45,157.6,805.3330000000002,0.0,0.591,0.0,0.2194,2000-01-08 11:50:00
10791,518.8919999999998,983.594,175.72923,13.34,3.423,-10.277,16.53,14,3.2,148.0,805.314,0.0,0.531,0.0,0.21899999999999997,2000-01-08 11:51:00
10792,506.261,949.887,175.99056000000004,13.45,3.401,-10.499,16.09,14,2.45,141.7,805.2860000000002,0.0,0.589,0.0,0.2192,2000-01-08 11:52:00
10793,399.668,717.812,176.25198,13.49,3.4810000000000003,-10.519,16.02,8,2.45,145.4,805.268,0.0,0.4320000000000001,0.0,0.2154,2000-01-08 11:53:00
10794,426.026,766.1469999999998,176.51348000000004,13.46,3.426,-10.774,15.69,9,2.45,154.9,805.2439999999998,0.0,0.407,0.0,0.2133,2000-01-08 11:54:00
10795,469.297,860.428,176.77506,13.35,3.358,-10.642,15.99,11,1.95,156.6,805.2080000000002,0.0,0.515,0.0,0.2171,2000-01-08 11:55:00
10796,533.273,999.411,177.03672,13.38,3.402,-10.398,16.31,13,1.7,163.3,805.175,0.0,0.77,0.0,0.2197,2000-01-08 11:56:00
10797,527.899,995.7,177.29844,13.6,3.549,-10.550999999999998,15.86,12,2.45,147.5,805.163,0.0,0.36,0.0,0.2196,2000-01-08 11:57:00
10798,526.717,996.253,177.56023000000005,13.56,3.499,-10.701,15.69,11,1.7,164.8,805.1389999999999,0.0,0.431,0.0,0.2198,2000-01-08 11:58:00
10799,526.627,997.157,177.82207,13.52,3.4330000000000003,-10.567,15.92,12,2.95,140.8,805.082,0.0,0.471,0.0,0.2198,2000-01-08 11:59:00
10800,526.375,996.69,178.08396000000005,13.44,3.367,-10.633,15.91,13,3.2,129.8,805.0360000000002,0.0,0.341,0.0,0.2204,2000-01-08 12:00:00
10801,527.119,996.489,178.3459,13.24,3.327,-10.473,16.35,14,3.95,124.7,804.9580000000002,0.0,0.518,0.0,0.2202,2000-01-08 12:01:00
10802,530.094,997.44,178.60787,13.11,3.239,-10.561,16.36,14,3.7,121.3,804.946,0.0,0.5479999999999999,0.0,0.2177,2000-01-08 12:02:00
10803,528.125,992.79,178.86987,13.05,3.174,-10.626,16.33,14,2.7,127.6,804.929,0.0,0.619,0.0,0.2204,2000-01-08 12:03:00
10804,521.225,976.83,179.13191,13.22,3.3360000000000003,-10.264,16.68,12,4.45,126.6,804.8660000000001,0.0,0.627,0.0,0.2193,2000-01-08 12:04:00
10805,453.406,833.8939999999999,179.39396000000005,13.29,3.272,-10.728,15.93,10,4.2,125.8,804.842,0.0,0.487,0.0,0.218,2000-01-08 12:05:00
10806,506.505,944.766,179.65603000000004,13.2,3.379,-10.421,16.47,12,3.2,127.1,804.813,0.0,0.631,0.0,0.2184,2000-01-08 12:06:00
10807,529.828,996.038,179.9181,13.28,3.33,-10.77,15.88,13,3.2,132.5,804.7589999999999,0.0,0.674,0.0,0.2205,2000-01-08 12:07:00
10808,529.3430000000002,997.04,180.18018,13.38,3.297,-10.903,15.59,13,3.45,134.5,804.712,0.0,0.589,0.0,0.2203,2000-01-08 12:08:00
10809,528.7090000000002,997.055,180.44225,13.43,3.36,-10.64,15.91,14,3.7,128.0,804.669,0.0,0.6859999999999999,0.0,0.2203,2000-01-08 12:09:00
10810,528.914,997.992,180.70432,13.55,3.478,-10.722,15.67,15,3.95,115.3,804.6260000000002,0.0,0.6940000000000001,0.0,0.2206,2000-01-08 12:10:00
10811,529.4119999999998,998.812,180.96637,13.68,3.4930000000000003,-10.707,15.56,13,3.7,132.1,804.6460000000002,0.0,0.66,0.0,0.2207,2000-01-08 12:11:00
10812,528.4730000000002,996.79,181.2284,13.76,3.571,-10.829,15.31,12,2.95,151.9,804.659,0.0,0.585,0.0,0.2208,2000-01-08 12:12:00
10813,527.604,995.613,181.4904,13.85,3.574,-10.925999999999998,15.09,10,3.2,141.9,804.6469999999998,0.0,0.652,0.0,0.2209,2000-01-08 12:13:00
10814,527.411,996.028,181.75237,13.84,3.563,-11.037,14.95,10,3.7,119.0,804.627,0.0,0.5660000000000001,0.0,0.2213,2000-01-08 12:14:00
10815,527.702,997.143,182.0143,13.79,3.624,-10.576,15.63,10,2.7,140.6,804.63,0.0,0.6759999999999999,0.0,0.221,2000-01-08 12:15:00
10816,527.714,998.024,182.27619,13.97,3.694,-10.706,15.27,10,2.95,150.6,804.585,0.0,0.675,0.0,0.2211,2000-01-08 12:16:00
10817,527.469,998.276,182.53803,14.19,3.746,-10.754,14.99,10,3.45,159.1,804.5239999999999,0.0,0.693,0.0,0.2213,2000-01-08 12:17:00
10818,527.514,998.541,182.7998,14.32,3.792,-10.908,14.66,12,2.7,196.3,804.4689999999998,0.0,0.539,0.0,0.2216,2000-01-08 12:18:00
10819,527.498,997.691,183.06152,14.5,3.883,-11.017,14.35,14,2.95,180.8,804.455,0.0,0.4370000000000001,0.0,0.2216,2000-01-08 12:19:00
10820,527.93,997.556,183.32317,14.67,4.021,-10.579,14.76,14,3.2,159.1,804.457,0.0,0.613,0.0,0.2217,2000-01-08 12:20:00
10821,528.592,997.865,183.58475,14.79,4.085,-10.715,14.47,14,3.95,142.6,804.418,0.0,0.464,0.0,0.222,2000-01-08 12:21:00
10822,529.351,998.256,183.84624,14.72,3.938,-11.062,14.09,16,4.2,136.8,804.3860000000002,0.0,0.392,0.0,0.2223,2000-01-08 12:22:00
10823,530.056,998.178,184.10765,14.44,3.786,-11.114,14.28,17,3.45,135.0,804.3560000000001,0.0,0.44,0.0,0.2221,2000-01-08 12:23:00
10824,530.857,998.098,184.36897,14.28,3.814,-10.786,14.86,18,3.45,129.0,804.324,0.0,0.701,0.0,0.2216,2000-01-08 12:24:00
10825,531.469,997.382,184.63019,14.32,3.777,-10.923,14.64,18,3.7,138.0,804.2860000000002,0.0,0.636,0.0,0.2215,2000-01-08 12:25:00
10826,532.481,996.92,184.89131,14.41,3.863,-10.927,14.55,19,3.95,140.4,804.25,0.0,0.6829999999999999,0.0,0.2215,2000-01-08 12:26:00
10827,533.409,996.868,185.15232,14.55,3.973,-10.727,14.68,18,3.7,132.7,804.215,0.0,0.738,0.0,0.2214,2000-01-08 12:27:00
10828,534.4780000000002,997.343,185.41321,14.72,3.953,-11.237,13.87,19,4.2,129.5,804.1469999999998,0.0,0.535,0.0,0.2218,2000-01-08 12:28:00
10829,536.028,998.337,185.67398,14.61,3.908,-10.992,14.28,20,3.95,132.8,804.1339999999999,0.0,0.581,0.0,0.2218,2000-01-08 12:29:00
10830,535.913,996.358,185.93463,14.57,3.814,-11.186,14.07,20,3.45,141.5,804.135,0.0,0.54,0.0,0.2216,2000-01-08 12:30:00
10831,535.299,995.034,186.19515,14.51,3.907,-10.893,14.5,18,3.2,148.9,804.1489999999999,0.0,0.578,0.0,0.2214,2000-01-08 12:31:00
10832,534.644,995.102,186.45553,14.58,3.926,-10.774,14.59,19,3.2,139.2,804.153,0.0,0.64,0.0,0.2213,2000-01-08 12:32:00
10833,533.911,995.029,186.71577,14.69,3.956,-11.044,14.14,19,3.7,133.1,804.1339999999999,0.0,0.547,0.0,0.2218,2000-01-08 12:33:00
10834,533.188,994.326,186.97586,14.65,3.872,-11.128,14.07,18,3.45,130.9,804.137,0.0,0.5870000000000001,0.0,0.2219,2000-01-08 12:34:00
10835,532.533,993.594,187.23579,14.58,3.87,-11.33,13.88,20,3.2,138.7,804.115,0.0,0.47,0.0,0.2221,2000-01-08 12:35:00
10836,531.7909999999998,992.308,187.49556,14.54,3.889,-11.011,14.32,20,3.45,145.1,804.1210000000002,0.0,0.659,0.0,0.222,2000-01-08 12:36:00
10837,532.17,993.035,187.75517,14.57,3.907,-11.083,14.2,20,3.45,163.1,804.117,0.0,0.648,0.0,0.2221,2000-01-08 12:37:00
10838,532.2959999999998,992.427,188.01461,14.73,3.929,-11.071,14.07,22,2.95,151.9,804.096,0.0,0.6459999999999999,0.0,0.2222,2000-01-08 12:38:00
10839,533.0319999999998,991.698,188.27388,14.87,4.12,-10.58,14.57,25,2.45,144.0,804.069,0.0,0.763,0.0,0.2223,2000-01-08 12:39:00
10840,534.17,990.825,188.53296,15.18,4.228,-10.972,13.79,26,3.45,141.7,804.034,0.0,0.564,0.0,0.2227,2000-01-08 12:40:00
10841,536.4590000000002,990.372,188.79185,15.2,4.098,-11.302,13.37,28,3.7,121.9,803.9839999999998,0.0,0.596,0.0,0.2235,2000-01-08 12:41:00
10842,540.582,990.01,189.05056,15.0,4.092,-11.198,13.67,29,3.7,125.3,803.985,0.0,0.569,0.0,0.2238,2000-01-08 12:42:00
10843,516.46,914.842,189.30906,14.93,4.043,-11.257,13.66,31,2.95,139.1,803.9910000000001,0.0,0.628,0.0,0.2173,2000-01-08 12:43:00
10844,544.054,967.385,189.56736,14.97,3.999,-11.300999999999998,13.57,30,3.45,133.5,803.993,0.0,0.612,0.0,0.2214,2000-01-08 12:44:00
10845,556.071,968.187,189.82546,15.01,3.905,-11.895,12.83,37,3.45,138.2,803.987,0.0,0.542,0.0,0.2241,2000-01-08 12:45:00
10846,566.212,961.347,190.08334,14.89,3.901,-11.599,13.28,40,2.2,150.2,803.992,0.0,0.5539999999999999,0.0,0.2237,2000-01-08 12:46:00
10847,569.789,934.496,190.34099999999998,14.95,4.044,-11.056,13.89,44,3.95,132.9,803.959,0.0,0.807,0.0,0.2213,2000-01-08 12:47:00
10848,571.757,898.311,190.59844,15.19,4.141,-11.359000000000002,13.31,50,4.95,134.8,803.942,0.0,0.636,0.0,0.2202,2000-01-08 12:48:00
10849,355.48800000000006,380.676,190.85565,15.22,4.119,-11.481,13.14,50,3.45,139.1,803.942,0.0,0.443,0.0,0.2052,2000-01-08 12:49:00
10850,208.704,52.506,191.11263,15.04,3.887,-12.013,12.67,52,2.95,134.1,803.909,0.0,0.269,0.0,0.191,2000-01-08 12:50:00
10851,207.18,27.2347,191.36936,14.68,3.767,-11.833,13.18,60,4.2,137.1,803.842,0.0,0.377,0.0,0.1865,2000-01-08 12:51:00
10852,212.93400000000003,18.1647,191.62586,14.33,3.534,-12.066,13.2,66,3.45,139.3,803.814,0.0,0.358,0.0,0.1829,2000-01-08 12:52:00
10853,217.387,16.1073,191.8821,14.02,3.378,-12.122,13.4,69,3.45,140.3,803.8,0.0,0.3720000000000001,0.0,0.1802,2000-01-08 12:53:00
10854,216.78,11.7554,192.13809,13.81,3.307,-12.093,13.62,73,4.2,134.9,803.78,0.0,0.471,0.0,0.1804,2000-01-08 12:54:00
10855,255.255,93.3309,192.39383,13.71,3.2110000000000003,-12.189,13.59,74,4.2,128.2,803.779,0.0,0.447,0.0,0.1903,2000-01-08 12:55:00
10856,251.628,74.1526,192.6493,13.55,3.133,-12.167,13.76,75,3.45,134.4,803.7739999999999,0.0,0.515,0.0,0.1891,2000-01-08 12:56:00
10857,250.367,70.2163,192.9045,13.52,3.139,-12.061,13.92,76,2.7,136.4,803.773,0.0,0.496,0.0,0.1897,2000-01-08 12:57:00
10858,326.841,229.175,193.15942,13.56,3.2060000000000004,-12.184,13.73,78,2.95,143.1,803.743,0.0,0.5589999999999999,0.0,0.2037,2000-01-08 12:58:00
10859,333.505,212.039,193.41407,13.67,3.195,-12.105,13.73,79,2.95,135.6,803.73,0.0,0.657,0.0,0.1962,2000-01-08 12:59:00
10860,238.843,14.3272,193.66844,13.74,3.236,-12.464,13.23,78,2.45,143.8,803.7389999999998,0.0,0.498,0.0,0.1841,2000-01-08 13:00:00
10861,237.421,8.07602,193.92252,13.74,3.244,-12.356,13.36,81,2.45,143.4,803.735,0.0,0.482,0.0,0.183,2000-01-08 13:01:00
10862,242.724,13.0067,194.17631,13.74,3.2030000000000003,-12.397,13.31,82,2.95,131.0,803.727,0.0,0.457,0.0,0.1837,2000-01-08 13:02:00
10863,263.45,55.9036,194.4298,13.7,3.207,-12.493,13.23,83,2.95,139.6,803.7330000000002,0.0,0.418,0.0,0.1905,2000-01-08 13:03:00
10864,319.526,165.278,194.683,13.6,3.119,-12.481,13.33,83,2.45,143.3,803.735,0.0,0.514,0.0,0.1956,2000-01-08 13:04:00
10865,258.722,40.7755,194.93588,13.59,3.111,-12.489,13.33,83,2.7,134.9,803.7080000000002,0.0,0.51,0.0,0.1883,2000-01-08 13:05:00
10866,298.023,126.649,195.18846,13.59,3.035,-12.765,13.0,81,2.2,129.3,803.675,0.0,0.408,0.0,0.1972,2000-01-08 13:06:00
10867,285.467,101.937,195.44073,13.52,2.977,-13.123,12.64,80,1.7,131.7,803.672,0.0,0.455,0.0,0.1919,2000-01-08 13:07:00
10868,248.381,37.7045,195.69267,13.46,2.932,-12.968,12.87,80,1.95,120.7,803.6519999999998,0.0,0.454,0.0,0.1878,2000-01-08 13:08:00
10869,250.204,59.8504,195.9443,13.44,3.0210000000000004,-12.679,13.23,80,1.7,137.0,803.666,0.0,0.515,0.0,0.1888,2000-01-08 13:09:00
10870,235.916,43.3818,196.1956,13.47,3.1060000000000003,-12.394,13.55,78,1.7,130.7,803.658,0.0,0.502,0.0,0.1894,2000-01-08 13:10:00
10871,264.106,114.537,196.44656,13.54,3.109,-12.491,13.37,75,3.2,124.2,803.638,0.0,0.513,0.0,0.1958,2000-01-08 13:11:00
10872,212.705,13.7385,196.6972,13.53,3.0810000000000004,-12.319,13.59,75,3.7,122.6,803.615,0.0,0.422,0.0,0.1902,2000-01-08 13:12:00
10873,209.629,14.866,196.94749,13.47,3.05,-12.55,13.36,76,3.7,113.3,803.5980000000002,0.0,0.411,0.0,0.1908,2000-01-08 13:13:00
10874,219.078,36.1809,197.19744,13.39,3.057,-12.533,13.45,77,2.45,118.4,803.62,0.0,0.424,0.0,0.1925,2000-01-08 13:14:00
10875,220.347,32.1505,197.44705,13.31,3.052,-12.348,13.75,75,1.95,122.6,803.6089999999998,0.0,0.471,0.0,0.1913,2000-01-08 13:15:00
10876,227.727,41.9922,197.69631,13.3,2.853,-12.947,13.03,75,1.95,111.7,803.6010000000001,0.0,0.403,0.0,0.1913,2000-01-08 13:16:00
10877,239.648,56.2105,197.94521,13.28,2.988,-12.612,13.45,73,1.95,116.7,803.572,0.0,0.468,0.0,0.1928,2000-01-08 13:17:00
10878,256.22,87.9013,198.19375,13.27,2.907,-12.893,13.12,74,2.45,103.4,803.544,0.0,0.426,0.0,0.1968,2000-01-08 13:18:00
10879,383.468,370.63,198.44193,13.32,3.008,-12.592,13.44,75,1.45,125.8,803.539,0.0,0.5660000000000001,0.0,0.2099,2000-01-08 13:19:00
10880,518.717,682.107,198.68975,13.49,3.185,-11.815,14.26,75,1.7,108.2,803.548,0.0,0.748,0.0,0.2153,2000-01-08 13:20:00
10881,613.29,930.831,198.9372,13.83,3.35,-11.75,14.03,72,1.2,89.0,803.574,0.0,0.63,0.0,0.2225,2000-01-08 13:21:00
10882,611.8290000000002,942.967,199.18427,14.27,3.622,-11.378,14.1,71,1.7,89.0,803.573,0.0,0.653,0.0,0.2218,2000-01-08 13:22:00
10883,549.822,825.368,199.43097,14.7,3.656,-12.844,12.01,68,1.95,76.69,803.55,0.0,0.314,0.0,0.2217,2000-01-08 13:23:00
10884,469.464,675.802,199.67729,14.98,3.729,-12.970999999999998,11.66,64,1.7,74.52,803.538,0.0,0.257,0.0,0.2273,2000-01-08 13:24:00
10885,427.955,597.7959999999998,199.92323,15.15,3.84,-13.05,11.45,61,0.95,59.56,803.508,0.0,0.275,0.0,0.2198,2000-01-08 13:25:00
10886,399.291,551.57,200.16878,15.26,3.894,-12.906,11.52,59,1.95,73.73,803.507,0.0,0.27,0.0,0.2224,2000-01-08 13:26:00
10887,392.207,543.641,200.41394,15.37,3.872,-13.128,11.21,55,1.95,87.0,803.507,0.0,0.29600000000000004,0.0,0.2231,2000-01-08 13:27:00
10888,362.319,477.14,200.65871,15.49,3.985,-12.715,11.55,52,1.95,76.34,803.51,0.0,0.233,0.0,0.2205,2000-01-08 13:28:00
10889,408.326,588.082,200.90309,15.56,3.998,-13.292,10.91,52,1.45,75.34,803.525,0.0,0.105,0.0,0.2229,2000-01-08 13:29:00
10890,385.77,524.399,201.14706,15.68,4.088,-12.812,11.31,54,0.95,79.17,803.528,0.0,0.303,0.0,0.2207,2000-01-08 13:30:00
10891,331.75699999999995,397.251,201.39063,15.81,4.042,-13.258,10.77,55,1.95,100.6,803.5160000000002,0.0,0.211,0.0,0.2191,2000-01-08 13:31:00
10892,258.707,218.942,201.6338,15.82,4.0139999999999985,-13.686,10.35,57,1.2,89.0,803.5089999999999,0.0,0.121,0.0,0.2096,2000-01-08 13:32:00
10893,211.51,105.547,201.87656,15.86,4.209,-12.890999999999998,11.1,55,1.45,113.9,803.5089999999999,0.0,0.19,0.0,0.204,2000-01-08 13:33:00
10894,187.183,41.0971,202.11891,15.71,4.0139999999999985,-13.186,10.91,59,1.45,166.6,803.5089999999999,0.0,0.1,0.0,0.1963,2000-01-08 13:34:00
10895,189.821,32.5019,202.36084,15.42,3.82,-13.48,10.82,64,1.2,151.1,803.482,0.0,0.099,0.0,0.1932,2000-01-08 13:35:00
10896,191.312,21.2509,202.60236,15.17,3.758,-13.142,11.34,67,0.95,159.6,803.4889999999998,0.0,0.141,0.0,0.1891,2000-01-08 13:36:00
10897,196.32,22.1361,202.84346,14.97,3.633,-13.567,11.05,70,0.0,0.0,803.485,0.0,0.105,0.0,0.1879,2000-01-08 13:37:00
10898,215.366,56.7102,203.08414,14.85,3.625,-13.475,11.23,72,0.0,0.0,803.471,0.0,0.141,0.0,0.1898,2000-01-08 13:38:00
10899,221.912,62.9514,203.32439,14.77,3.633,-13.167,11.61,74,0.0,0.0,803.439,0.0,0.171,0.0,0.1898,2000-01-08 13:39:00
10900,215.4,39.6335,203.56422,14.63,3.491,-13.209,11.67,74,0.0,0.0,803.416,0.0,0.171,0.0,0.1885,2000-01-08 13:40:00
10901,337.499,342.092,203.80362,14.54,3.5380000000000003,-12.562,12.45,74,0.0,0.0,803.385,0.0,0.136,0.0,0.2111,2000-01-08 13:41:00
10902,486.609,680.78,204.04258,14.51,3.631,-12.269,12.81,74,0.7,17.16,803.352,0.0,0.28,0.0,0.2178,2000-01-08 13:42:00
10903,546.21,850.3710000000002,204.28111,14.55,3.612,-12.388,12.64,72,1.7,47.44,803.315,0.0,0.42,0.0,0.2227,2000-01-08 13:43:00
10904,585.887,961.773,204.51921,14.64,3.759,-12.031,12.98,71,1.2,32.61,803.305,0.0,0.369,0.0,0.2235,2000-01-08 13:44:00
10905,563.613,942.549,204.75686,14.82,3.765,-12.135,12.71,68,1.2,24.76,803.305,0.0,0.324,0.0,0.2239,2000-01-08 13:45:00
10906,543.675,939.844,204.99407,14.99,3.771,-12.529000000000002,12.13,64,0.0,0.0,803.304,0.0,0.254,0.0,0.2248,2000-01-08 13:46:00
10907,527.689,955.734,205.23084,15.16,3.871,-12.629,11.89,61,0.95,14.4,803.288,0.0,0.185,0.0,0.2275,2000-01-08 13:47:00
10908,509.30800000000005,956.852,205.46717,15.28,4.037,-12.063,12.42,58,2.45,45.33,803.212,0.0,0.418,0.0,0.2281,2000-01-08 13:48:00
10909,494.271,962.07,205.70304,15.33,4.081,-11.719,12.77,55,2.2,26.42,803.193,0.0,0.362,0.0,0.2302,2000-01-08 13:49:00
10910,477.523,953.579,205.93847,15.34,4.1530000000000005,-11.747,12.73,54,2.7,19.5,803.201,0.0,0.322,0.0,0.2308,2000-01-08 13:50:00
10911,467.95,957.5,206.17345,15.28,4.088,-11.712,12.82,53,2.2,32.42,803.2310000000001,0.0,0.378,0.0,0.23199999999999998,2000-01-08 13:51:00
10912,460.195,958.52,206.40797,15.24,4.051,-11.949000000000002,12.58,52,2.95,23.36,803.2439999999998,0.0,0.274,0.0,0.2323,2000-01-08 13:52:00
10913,452.969,954.765,206.64203,15.12,3.999,-11.991,12.63,54,2.7,24.24,803.2410000000001,0.0,0.318,0.0,0.2326,2000-01-08 13:53:00
10914,441.107,933.402,206.87564,14.94,3.805,-12.295,12.43,53,2.7,23.85,803.186,0.0,0.393,0.0,0.2319,2000-01-08 13:54:00
10915,415.573,872.2080000000002,207.10879,14.83,3.871,-11.929,12.94,50,2.95,42.34,803.125,0.0,0.505,0.0,0.2297,2000-01-08 13:55:00
10916,350.36,717.135,207.34148,14.85,3.803,-12.297,12.5,42,2.2,37.79,803.073,0.0,0.255,0.0,0.2239,2000-01-08 13:56:00
10917,410.806,885.836,207.57371,14.8,3.708,-12.592,12.21,41,1.95,19.33,803.043,0.0,0.276,0.0,0.2328,2000-01-08 13:57:00
10918,430.661,938.347,207.80547,14.68,3.678,-12.122,12.84,42,2.95,31.55,803.013,0.0,0.458,0.0,0.2321,2000-01-08 13:58:00
10919,429.19,943.049,208.03677,14.71,3.804,-11.896,13.08,39,2.95,43.54,803.008,0.0,0.569,0.0,0.2324,2000-01-08 13:59:00
10920,429.473,948.797,208.2676,14.82,3.798,-12.292,12.53,36,2.95,45.98,803.0239999999999,0.0,0.518,0.0,0.233,2000-01-08 14:00:00
10921,427.896,948.864,208.49796,14.87,3.746,-12.354,12.42,33,2.45,48.2,803.0269999999998,0.0,0.5429999999999999,0.0,0.2331,2000-01-08 14:01:00
10922,424.615,945.672,208.72786,14.94,3.772,-12.628,12.06,31,2.45,43.09,803.0369999999998,0.0,0.456,0.0,0.2334,2000-01-08 14:02:00
10923,422.38,945.513,208.95728,14.9,3.758,-12.342,12.41,30,3.7,23.89,803.0360000000002,0.0,0.414,0.0,0.2331,2000-01-08 14:03:00
10924,420.62,946.828,209.18622,14.85,3.741,-12.359000000000002,12.43,30,2.95,25.66,803.028,0.0,0.419,0.0,0.2331,2000-01-08 14:04:00
10925,418.705,947.137,209.4147,14.83,3.638,-13.162,11.57,30,2.95,20.99,803.015,0.0,0.382,0.0,0.2332,2000-01-08 14:05:00
10926,416.084,945.901,209.6427,14.77,3.66,-12.64,12.18,30,2.2,28.48,803.0039999999998,0.0,0.469,0.0,0.2328,2000-01-08 14:06:00
10927,413.293,945.658,209.87022,14.79,3.638,-12.762,12.03,27,2.2,33.53,803.0169999999998,0.0,0.442,0.0,0.233,2000-01-08 14:07:00
10928,410.2480000000001,945.102,210.09727,14.83,3.617,-12.983,11.76,26,2.2,22.68,803.0210000000002,0.0,0.445,0.0,0.2332,2000-01-08 14:08:00
10929,407.005,943.313,210.32384,14.76,3.659,-12.931,11.87,26,2.2,22.95,803.023,0.0,0.455,0.0,0.2332,2000-01-08 14:09:00
10930,404.079,941.203,210.54993,14.67,3.607,-12.693,12.2,24,2.45,22.26,803.018,0.0,0.423,0.0,0.2333,2000-01-08 14:10:00
10931,401.869,940.677,210.77554,14.6,3.544,-13.156,11.75,22,2.95,21.49,802.988,0.0,0.399,0.0,0.2334,2000-01-08 14:11:00
10932,399.502,939.624,211.00067,14.44,3.532,-12.758,12.31,21,2.7,21.47,802.956,0.0,0.424,0.0,0.2331,2000-01-08 14:12:00
10933,397.108,938.843,211.22531,14.41,3.495,-12.505,12.62,21,2.95,29.89,802.904,0.0,0.474,0.0,0.2331,2000-01-08 14:13:00
10934,394.867,937.899,211.44948,14.43,3.525,-12.765,12.31,19,2.45,29.18,802.8860000000002,0.0,0.453,0.0,0.2332,2000-01-08 14:14:00
10935,392.568,936.709,211.67316,14.48,3.549,-12.351,12.74,17,2.7,35.52,802.8839999999999,0.0,0.468,0.0,0.2336,2000-01-08 14:15:00
10936,390.707,937.108,211.89636,14.64,3.627,-12.473,12.47,16,2.2,18.88,802.885,0.0,0.389,0.0,0.2337,2000-01-08 14:16:00
10937,387.539,933.252,212.11907,14.67,3.627,-12.373,12.56,14,2.95,28.35,802.8889999999999,0.0,0.389,0.0,0.2339,2000-01-08 14:17:00
10938,383.91,927.562,212.3413,14.65,3.768,-12.032,12.97,14,2.7,30.29,802.8939999999999,0.0,0.516,0.0,0.2344,2000-01-08 14:18:00
10939,381.815,925.784,212.56304,14.71,3.722,-12.178,12.75,13,3.2,20.49,802.916,0.0,0.43,0.0,0.2345,2000-01-08 14:19:00
10940,380.735,926.923,212.78429,14.65,3.731,-12.169,12.81,12,3.2,25.61,802.946,0.0,0.429,0.0,0.2347,2000-01-08 14:20:00
10941,378.589,926.122,213.00506,14.58,3.701,-12.099,12.95,12,2.7,35.39,802.952,0.0,0.469,0.0,0.2348,2000-01-08 14:21:00
10942,375.852,924.391,213.22534,14.59,3.702,-11.998,13.06,11,2.95,35.94,802.941,0.0,0.514,0.0,0.2353,2000-01-08 14:22:00
10943,372.776,920.558,213.44513,14.59,3.865,-11.235,13.99,9,4.45,17.74,802.91,0.0,0.4270000000000001,0.0,0.23600000000000002,2000-01-08 14:23:00
10944,370.547,918.992,213.66443,14.42,3.842,-10.958,14.5,8,3.7,26.84,802.9,0.0,0.383,0.0,0.2359,2000-01-08 14:24:00
10945,368.241,917.799,213.88325,14.22,3.704,-10.996,14.64,10,4.45,23.89,802.8660000000001,0.0,0.43,0.0,0.2357,2000-01-08 14:25:00
10946,366.036,916.766,214.10158,14.04,3.656,-10.944,14.88,11,4.45,25.52,802.829,0.0,0.505,0.0,0.2357,2000-01-08 14:26:00
10947,363.567,915.233,214.31941,14.01,3.53,-11.17,14.61,11,3.2,23.88,802.8580000000002,0.0,0.472,0.0,0.2357,2000-01-08 14:27:00
10948,360.8130000000001,912.719,214.53676,13.99,3.523,-11.377,14.36,11,3.2,19.33,802.827,0.0,0.4920000000000001,0.0,0.2354,2000-01-08 14:28:00
10949,358.654,912.136,214.75362,13.93,3.457,-11.343,14.46,12,4.2,18.73,802.797,0.0,0.532,0.0,0.2354,2000-01-08 14:29:00
10950,356.139,910.127,214.96999,13.85,3.4130000000000003,-11.587,14.22,11,4.7,17.31,802.76,0.0,0.478,0.0,0.2361,2000-01-08 14:30:00
10951,354.144,909.621,215.18587,13.75,3.337,-11.863,13.96,10,4.45,25.47,802.76,0.0,0.525,0.0,0.2365,2000-01-08 14:31:00
10952,351.478,906.888,215.40126,13.7,3.264,-11.836,14.04,10,4.95,23.54,802.7739999999999,0.0,0.505,0.0,0.2364,2000-01-08 14:32:00
10953,349.06699999999995,904.586,215.61617,13.67,3.157,-12.733,12.97,10,4.7,17.47,802.826,0.0,0.57,0.0,0.2363,2000-01-08 14:33:00
10954,346.7519999999999,902.641,215.83058,13.76,3.051,-13.349,12.19,9,2.2,321.8,802.811,0.0,0.545,0.0,0.2364,2000-01-08 14:34:00
10955,344.221,900.771,216.0445,13.93,3.059,-13.941,11.42,9,2.2,284.7,802.796,0.0,0.556,0.0,0.2372,2000-01-08 14:35:00
10956,341.671,898.684,216.25793,14.1,3.398,-12.502,12.88,9,2.45,328.1,802.773,0.0,0.483,0.0,0.2378,2000-01-08 14:36:00
10957,339.314,897.545,216.47088,14.23,3.537,-12.063,13.29,8,2.45,337.2,802.77,0.0,0.483,0.0,0.23800000000000002,2000-01-08 14:37:00
10958,337.42,897.077,216.68334,14.34,3.329,-13.470999999999998,11.61,10,1.95,311.7,802.778,0.0,0.453,0.0,0.2384,2000-01-08 14:38:00
10959,334.45,893.612,216.8953,14.45,3.379,-13.621,11.37,11,3.45,18.01,802.798,0.0,0.387,0.0,0.2388,2000-01-08 14:39:00
10960,332.81,895.4639999999998,217.10678,14.43,3.329,-13.771,11.23,10,2.2,17.5,802.847,0.0,0.459,0.0,0.2392,2000-01-08 14:40:00
10961,330.4430000000001,895.045,217.31777,14.43,3.319,-13.781,11.22,11,2.45,304.2,802.877,0.0,0.422,0.0,0.2395,2000-01-08 14:41:00
10962,327.899,893.6389999999999,217.52828,14.52,3.405,-13.795,11.14,11,0.7,296.4,802.905,0.0,0.433,0.0,0.2393,2000-01-08 14:42:00
10963,326.377,896.5210000000002,217.73829,14.69,3.505,-13.685,11.13,11,0.0,0.0,802.914,0.0,0.399,0.0,0.2394,2000-01-08 14:43:00
10964,324.033,897.2080000000002,217.94783,14.82,3.505,-14.095,10.63,12,1.45,288.1,802.926,0.0,0.335,0.0,0.2402,2000-01-08 14:44:00
10965,322.029,898.3560000000001,218.15687000000003,14.87,3.471,-14.029000000000002,10.66,11,0.95,299.5,802.8939999999999,0.0,0.41,0.0,0.2403,2000-01-08 14:45:00
10966,319.321,896.857,218.36543,15.03,3.583,-13.917,10.66,12,1.2,252.0,802.837,0.0,0.32299999999999995,0.0,0.2408,2000-01-08 14:46:00
10967,316.031,893.0830000000002,218.5735,15.14,3.658,-13.942,10.56,11,1.45,84.7,802.748,0.0,0.395,0.0,0.2411,2000-01-08 14:47:00
10968,313.188,890.5310000000002,218.78109,15.25,3.77,-13.33,11.09,11,1.95,51.34,802.7130000000002,0.0,0.441,0.0,0.2417,2000-01-08 14:48:00
10969,309.62,885.3480000000002,218.98819,15.33,3.9,-13.0,11.37,12,1.7,17.92,802.7460000000002,0.0,0.269,0.0,0.2415,2000-01-08 14:49:00
10970,307.601,884.962,219.19482,15.34,4.136,-11.764,12.71,13,2.2,278.5,802.803,0.0,0.221,0.0,0.2419,2000-01-08 14:50:00
10971,304.571,879.6310000000002,219.40095,15.21,4.063,-11.437,13.2,12,2.45,298.9,802.8489999999998,0.0,0.194,0.0,0.2425,2000-01-08 14:51:00
10972,302.363,878.068,219.60661,15.12,4.082,-11.318,13.42,11,1.45,247.8,802.846,0.0,0.209,0.0,0.2422,2000-01-08 14:52:00
10973,300.308,877.238,219.81178,15.0,3.972,-11.428,13.39,12,4.2,10.36,802.762,0.0,0.221,0.0,0.2424,2000-01-08 14:53:00
10974,297.986,875.448,220.01648,14.67,3.859,-11.241,13.91,13,4.2,20.86,802.694,0.0,0.276,0.0,0.2431,2000-01-08 14:54:00
10975,295.847,873.841,220.22069,14.31,3.747,-11.053,14.48,12,3.7,24.28,802.6310000000002,0.0,0.315,0.0,0.243,2000-01-08 14:55:00
10976,293.083,870.46,220.42443,14.06,3.547,-11.553,14.07,12,4.45,21.44,802.635,0.0,0.35700000000000004,0.0,0.243,2000-01-08 14:56:00
10977,289.663,864.678,220.62769,13.83,3.358,-11.742,14.04,9,5.2,18.3,802.6410000000002,0.0,0.436,0.0,0.2428,2000-01-08 14:57:00
10978,286.717,861.012,220.83047,13.68,3.284,-11.616,14.34,9,5.45,26.63,802.712,0.0,0.434,0.0,0.2426,2000-01-08 14:58:00
10979,284.137,858.962,221.03277000000003,13.56,3.25,-11.85,14.15,10,3.7,15.91,802.742,0.0,0.445,0.0,0.2431,2000-01-08 14:59:00
10980,281.358,856.432,221.2346,13.52,3.229,-11.871,14.16,11,3.95,20.13,802.752,0.0,0.547,0.0,0.2433,2000-01-08 15:00:00
10981,278.178,853.065,221.43595,13.56,3.259,-11.640999999999998,14.42,11,3.45,21.95,802.765,0.0,0.5489999999999999,0.0,0.2436,2000-01-08 15:01:00
10982,275.646,852.4069999999998,221.63683,13.6,3.189,-12.011,13.91,11,4.2,18.87,802.74,0.0,0.539,0.0,0.2439,2000-01-08 15:02:00
10983,273.474,852.034,221.83724,13.6,3.157,-12.043,13.87,10,4.2,18.16,802.75,0.0,0.5329999999999999,0.0,0.2441,2000-01-08 15:03:00
10984,270.833,849.937,222.03717000000003,13.57,3.207,-11.993,13.96,10,4.2,19.91,802.745,0.0,0.489,0.0,0.2445,2000-01-08 15:04:00
10985,268.074,847.7810000000002,222.23664,13.5,3.161,-12.139,13.84,10,4.45,23.23,802.743,0.0,0.527,0.0,0.245,2000-01-08 15:05:00
10986,265.414,845.905,222.43563,13.44,3.0860000000000003,-12.214,13.8,8,4.2,17.1,802.7510000000002,0.0,0.5489999999999999,0.0,0.2453,2000-01-08 15:06:00
10987,262.746,843.7560000000002,222.63416,13.44,3.134,-12.166,13.86,6,3.7,19.41,802.763,0.0,0.525,0.0,0.2451,2000-01-08 15:07:00
10988,259.818,840.529,222.83222,13.44,3.105,-12.095,13.95,7,2.7,29.64,802.7589999999999,0.0,0.525,0.0,0.2451,2000-01-08 15:08:00
10989,257.581,840.558,223.02982000000003,13.47,3.0380000000000003,-12.362,13.59,7,2.45,19.84,802.7819999999998,0.0,0.56,0.0,0.245,2000-01-08 15:09:00
10990,255.153,839.7819999999998,223.22695,13.52,3.152,-12.148,13.81,8,2.7,26.76,802.805,0.0,0.562,0.0,0.2454,2000-01-08 15:10:00
10991,252.556,838.11,223.42362000000003,13.65,3.277,-11.723,14.23,7,2.7,26.48,802.794,0.0,0.5379999999999999,0.0,0.24600000000000002,2000-01-08 15:11:00
10992,249.74400000000003,834.83,223.61982000000003,13.72,3.312,-11.688,14.21,8,2.95,15.95,802.827,0.0,0.512,0.0,0.24600000000000002,2000-01-08 15:12:00
10993,247.219,832.461,223.81556,13.75,3.302,-11.698,14.17,8,2.45,22.91,802.865,0.0,0.511,0.0,0.2464,2000-01-08 15:13:00
10994,244.741,831.17,224.01085,13.86,3.366,-11.634,14.15,8,1.95,27.3,802.91,0.0,0.485,0.0,0.2462,2000-01-08 15:14:00
10995,242.317,830.72,224.20567000000003,13.99,3.406,-11.794,13.83,8,1.95,37.12,802.937,0.0,0.456,0.0,0.2463,2000-01-08 15:15:00
10996,239.812,829.187,224.40004,14.1,3.44,-11.86,13.65,8,2.2,317.9,802.98,0.0,0.421,0.0,0.2463,2000-01-08 15:16:00
10997,237.194,826.828,224.59395,14.19,3.491,-12.209,13.15,6,2.7,268.0,803.018,0.0,0.359,0.0,0.2476,2000-01-08 15:17:00
10998,233.97,820.692,224.78741,14.13,3.534,-11.765999999999998,13.74,5,2.45,288.4,803.0319999999998,0.0,0.316,0.0,0.2482,2000-01-08 15:18:00
10999,230.59,814.404,224.98042,14.05,3.686,-10.714,15.18,7,2.7,31.13,802.977,0.0,0.305,0.0,0.2478,2000-01-08 15:19:00
11000,227.708,810.283,225.17297,13.97,3.79,-9.81,16.54,8,4.2,27.98,802.924,0.0,0.261,0.0,0.2484,2000-01-08 15:20:00
11001,224.86900000000003,806.498,225.36507000000003,13.78,3.78,-9.72,16.88,10,3.45,25.1,802.927,0.0,0.299,0.0,0.2486,2000-01-08 15:21:00
11002,222.266,804.034,225.55673,13.67,3.7,-9.8,16.88,11,2.45,30.82,803.0160000000002,0.0,0.329,0.0,0.2475,2000-01-08 15:22:00
11003,219.481,801.575,225.74794,13.66,3.651,-9.949,16.67,12,1.45,264.5,803.068,0.0,0.332,0.0,0.2468,2000-01-08 15:23:00
11004,216.834,799.7689999999999,225.9387,13.66,3.678,-9.922,16.71,14,2.2,282.5,803.105,0.0,0.34600000000000003,0.0,0.2474,2000-01-08 15:24:00
11005,213.769,795.416,226.12902000000003,13.58,3.551,-10.149,16.46,13,1.95,292.0,803.078,0.0,0.361,0.0,0.2476,2000-01-08 15:25:00
11006,211.043,792.975,226.31889,13.49,3.487,-10.113,16.61,12,2.2,30.24,802.948,0.0,0.364,0.0,0.2473,2000-01-08 15:26:00
11007,208.919,793.97,226.50833,13.45,3.5780000000000003,-9.922,16.94,12,1.7,316.4,803.003,0.0,0.394,0.0,0.2475,2000-01-08 15:27:00
11008,206.385,793.125,226.69732,13.45,3.505,-10.095,16.68,13,2.45,276.0,803.07,0.0,0.481,0.0,0.2478,2000-01-08 15:28:00
11009,203.939,792.482,226.88588,13.48,3.44,-10.36,16.26,13,2.95,279.6,803.1139999999998,0.0,0.418,0.0,0.249,2000-01-08 15:29:00
11010,201.282,790.178,227.074,13.48,3.518,-10.182,16.52,11,3.2,300.6,803.122,0.0,0.469,0.0,0.2496,2000-01-08 15:30:00
11011,197.85,782.97,227.26168,13.48,3.518,-10.182,16.52,11,1.7,9.95,803.1030000000002,0.0,0.336,0.0,0.2493,2000-01-08 15:31:00
11012,194.854,778.569,227.44893,13.43,3.537,-9.863,17.05,13,3.45,26.38,802.95,0.0,0.256,0.0,0.25,2000-01-08 15:32:00
11013,192.749,779.1039999999998,227.63575,13.23,3.505,-9.795,17.38,13,2.95,293.9,803.03,0.0,0.358,0.0,0.2489,2000-01-08 15:33:00
11014,190.385,778.721,227.82214,13.2,2.547,-14.553,11.32,11,6.2,288.1,803.0,0.0,0.6,0.0,0.2498,2000-01-08 15:34:00
11015,187.662,774.818,228.00811,13.47,2.388,-17.312,8.6,10,5.7,279.7,802.9810000000001,0.0,0.585,0.0,0.2515,2000-01-08 15:35:00
11016,184.843,770.455,228.19364,13.71,2.48,-17.32,8.46,11,5.2,274.0,802.9630000000002,0.0,0.53,0.0,0.2536,2000-01-08 15:36:00
11017,182.07,766.7810000000002,228.37875,13.83,2.545,-17.555,8.21,11,6.7,276.1,802.96,0.0,0.482,0.0,0.2559,2000-01-08 15:37:00
11018,179.009,761.716,228.56344,13.89,2.53,-17.67,8.09,8,6.45,275.7,802.953,0.0,0.443,0.0,0.2576,2000-01-08 15:38:00
11019,176.31400000000005,758.668,228.74771,13.93,2.591,-17.409000000000002,8.27,8,5.2,282.3,802.957,0.0,0.444,0.0,0.2585,2000-01-08 15:39:00
11020,173.387,754.487,228.93156,13.95,2.54,-17.46,8.22,9,6.45,272.6,802.971,0.0,0.448,0.0,0.2593,2000-01-08 15:40:00
11021,170.34900000000005,750.02,229.11498,13.98,2.557,-17.543,8.14,10,5.45,272.7,802.987,0.0,0.407,0.0,0.26,2000-01-08 15:41:00
11022,167.312,745.247,229.298,13.99,2.833,-15.867,9.52,8,3.2,297.0,803.028,0.0,0.369,0.0,0.2592,2000-01-08 15:42:00
11023,164.19099999999997,739.832,229.4806,13.94,3.1710000000000003,-13.329,12.07,6,3.7,294.7,803.092,0.0,0.262,0.0,0.2592,2000-01-08 15:43:00
11024,161.123,733.673,229.66279,13.73,3.287,-12.013,13.79,6,1.7,319.2,803.1110000000001,0.0,0.244,0.0,0.2571,2000-01-08 15:44:00
11025,157.764,726.7589999999999,229.84456,13.53,3.19,-11.81,14.23,6,2.45,16.45,803.0939999999998,0.0,0.254,0.0,0.2546,2000-01-08 15:45:00
